trip_id,start_time,sunrise_date_time
1693,2012-06-09 13:09:15,2012-06-09 01:53:23
1696,2012-06-10 00:51:05,2012-06-10 01:52:47
1698,2012-06-11 00:43:39,2012-06-11 01:52:16
1699,2012-06-11 15:45:43,2012-06-11 01:52:15
1700,2012-06-12 01:14:00,2012-06-12 01:51:48
1702,2012-06-13 01:00:54,2012-06-13 01:51:25
1703,2012-06-13 09:36:38,2012-06-13 01:51:25
1704,2012-06-14 01:21:21,2012-06-14 01:51:06
1707,2012-06-14 10:56:38,2012-06-14 01:51:04
1710,2012-06-15 01:00:05,2012-06-15 01:50:51
1711,2012-06-15 07:47:48,2012-06-15 01:50:51
1712,2012-06-15 14:03:39,2012-06-15 01:50:51
1714,2012-06-16 10:11:43,2012-06-16 01:50:41
1716,2012-06-17 10:07:09,2012-06-17 01:50:37
1717,2012-06-18 11:33:06,2012-06-18 01:50:33
1718,2012-06-18 14:54:21,2012-06-18 01:50:33
1719,2012-06-19 09:44:29,2012-06-19 01:50:36
1720,2012-06-20 09:48:52,2012-06-20 01:50:43
1721,2012-06-21 14:17:54,2012-06-21 01:50:56
1724,2012-06-23 12:16:00,2012-06-23 01:51:30
1726,2012-06-24 16:21:33,2012-06-24 01:51:54
1729,2012-06-25 12:49:00,2012-06-25 01:52:23
1730,2012-06-25 15:31:09,2012-06-25 01:52:23
1731,2012-06-26 13:03:58,2012-06-26 01:52:55
1732,2012-06-27 17:50:18,2012-06-27 01:53:32
1733,2012-06-28 13:48:25,2012-06-28 01:54:12
1735,2012-06-29 14:23:54,2012-06-29 01:54:57
1737,2012-06-30 13:36:16,2012-06-30 01:55:45
1738,2012-07-01 02:17:11,2012-07-01 01:56:38
1739,2012-07-01 13:31:04,2012-07-01 01:56:38
1743,2012-07-03 15:25:26,2012-07-03 01:58:36
1744,2012-07-04 12:33:37,2012-07-04 01:59:39
1745,2012-07-04 17:41:27,2012-07-04 01:59:37
1746,2012-07-05 12:29:03,2012-07-05 02:00:43
1750,2012-07-08 13:52:49,2012-07-08 02:04:23
1752,2012-07-10 10:41:46,2012-07-10 02:07:03
1754,2012-07-11 14:07:31,2012-07-11 02:08:29
1757,2012-07-12 13:42:41,2012-07-12 02:09:57
1758,2012-07-13 09:09:45,2012-07-13 02:11:28
1759,2012-07-14 08:51:59,2012-07-14 02:13:00
1760,2012-07-14 14:17:51,2012-07-14 02:12:59
1761,2012-07-15 14:49:26,2012-07-15 02:14:35
1762,2012-07-16 03:59:55,2012-07-16 02:16:12
1763,2012-07-16 14:18:15,2012-07-16 02:16:12
1764,2012-07-17 15:56:11,2012-07-17 02:17:52
1765,2012-07-18 13:21:13,2012-07-18 02:19:33
1766,2012-07-19 13:04:25,2012-07-19 02:21:17
1767,2012-07-20 15:21:14,2012-07-20 02:23:02
1768,2012-07-21 14:19:03,2012-07-21 02:24:49
1770,2012-07-21 16:37:10,2012-07-21 02:24:50
1772,2012-07-22 14:43:07,2012-07-22 02:26:38
1781,2012-07-26 10:10:57,2012-07-26 02:34:07
1785,2012-07-28 12:28:01,2012-07-28 02:37:58
1787,2012-07-30 01:32:05,2012-07-30 02:41:54
1789,2012-07-30 13:33:08,2012-07-30 02:41:54
1790,2012-07-31 13:56:27,2012-07-31 02:43:54
1870,2013-05-09 01:44:01,2013-05-09 02:40:34
1871,2013-05-09 15:52:33,2013-05-09 02:40:33
1875,2013-05-11 14:25:52,2013-05-11 02:36:16
1878,2013-05-12 17:08:44,2013-05-12 02:34:10
1882,2013-05-14 01:29:08,2013-05-14 02:30:04
2911,2013-06-09 00:29:57,2013-06-09 01:53:33
2912,2013-06-09 13:29:17,2013-06-09 01:53:33
2913,2013-06-10 00:49:14,2013-06-10 01:52:54
2915,2013-06-10 16:26:17,2013-06-10 01:52:56
2916,2013-06-11 00:43:53,2013-06-11 01:52:24
2918,2013-06-11 10:05:54,2013-06-11 01:52:23
2919,2013-06-12 15:24:03,2013-06-12 01:51:55
2920,2013-06-13 08:10:42,2013-06-13 01:51:31
2921,2013-06-13 14:46:48,2013-06-13 01:51:31
2924,2013-06-14 12:45:09,2013-06-14 01:51:11
2925,2013-06-15 09:43:02,2013-06-15 01:50:55
2926,2013-06-16 10:38:08,2013-06-16 01:50:42
2927,2013-06-16 23:58:28,2013-06-16 01:50:43
2928,2013-06-17 13:22:21,2013-06-17 01:50:36
2929,2013-06-17 23:58:11,2013-06-17 01:50:36
2931,2013-06-18 14:22:10,2013-06-18 01:50:34
2932,2013-06-19 00:44:50,2013-06-19 01:50:35
2933,2013-06-19 18:45:38,2013-06-19 01:50:36
2934,2013-06-20 00:52:16,2013-06-20 01:50:41
2936,2013-06-20 17:51:12,2013-06-20 01:50:42
2937,2013-06-21 12:17:08,2013-06-21 01:50:52
2938,2013-06-22 08:16:46,2013-06-22 01:51:07
2939,2013-06-22 12:40:15,2013-06-22 01:51:05
2941,2013-06-23 10:18:06,2013-06-23 01:51:26
2942,2013-06-23 16:35:10,2013-06-23 01:51:26
2943,2013-06-24 11:21:03,2013-06-24 01:51:49
2944,2013-06-24 17:20:13,2013-06-24 01:51:49
2945,2013-06-25 11:00:39,2013-06-25 01:52:16
2946,2013-06-26 14:12:28,2013-06-26 01:52:47
2947,2013-06-26 23:54:35,2013-06-26 01:52:48
2948,2013-06-27 13:01:27,2013-06-27 01:53:23
2949,2013-06-28 11:10:19,2013-06-28 01:54:03
2950,2013-06-29 11:46:31,2013-06-29 01:54:46
2951,2013-06-30 01:06:47,2013-06-30 01:55:33
2952,2013-06-30 13:27:55,2013-06-30 01:55:34
2953,2013-07-01 01:06:34,2013-07-01 01:56:25
2954,2013-07-01 11:44:53,2013-07-01 01:56:25
2956,2013-07-02 14:09:24,2013-07-02 01:57:20
2958,2013-07-03 12:38:44,2013-07-03 01:58:18
2959,2013-07-04 11:02:12,2013-07-04 01:59:22
2961,2013-07-05 13:17:32,2013-07-05 02:00:27
2963,2013-07-06 11:19:08,2013-07-06 02:01:36
2964,2013-07-07 13:16:52,2013-07-07 02:02:48
2965,2013-07-08 12:54:01,2013-07-08 02:04:04
2968,2013-07-09 12:29:54,2013-07-09 02:05:22
2978,2013-07-15 15:23:17,2013-07-15 02:14:12
2979,2013-07-16 13:37:35,2013-07-16 02:15:49
2980,2013-07-16 17:07:05,2013-07-16 02:15:49
2981,2013-07-17 12:26:01,2013-07-17 02:17:28
2982,2013-07-17 18:26:33,2013-07-17 02:17:28
2983,2013-07-18 14:12:55,2013-07-18 02:19:09
2984,2013-07-19 14:02:15,2013-07-19 02:20:52
2987,2013-07-20 15:09:42,2013-07-20 02:22:39
2989,2013-07-21 14:36:43,2013-07-21 02:24:23
2990,2013-07-22 14:21:07,2013-07-22 02:26:14
2993,2013-07-23 14:11:33,2013-07-23 02:28:01
2994,2013-07-24 11:54:09,2013-07-24 02:29:53
2995,2013-07-25 16:55:13,2013-07-25 02:31:45
2999,2013-07-26 17:03:21,2013-07-26 02:33:39
3001,2013-07-27 15:34:41,2013-07-27 02:35:34
3005,2013-07-29 17:44:12,2013-07-29 02:39:29
3012,2013-07-31 01:07:25,2013-07-31 02:43:25
3015,2013-07-31 17:28:31,2013-07-31 02:43:25
2602,2012-06-09 09:04:46,2012-06-09 01:53:21
2607,2012-06-13 05:40:11,2012-06-13 01:51:23
2608,2012-06-14 07:26:48,2012-06-14 01:51:04
2609,2012-06-14 14:07:09,2012-06-14 01:51:04
2610,2012-06-15 00:01:40,2012-06-15 01:50:49
2611,2012-06-15 12:15:52,2012-06-15 01:50:49
2612,2012-06-15 23:58:48,2012-06-15 01:50:49
2613,2012-06-16 10:29:43,2012-06-16 01:50:39
2614,2012-06-17 02:38:42,2012-06-17 01:50:32
2615,2012-06-18 01:25:53,2012-06-18 01:50:32
2616,2012-06-18 14:52:54,2012-06-18 01:50:31
2617,2012-06-19 07:26:46,2012-06-19 01:50:34
2619,2012-06-19 18:26:13,2012-06-19 01:50:34
2620,2012-06-20 11:03:02,2012-06-20 01:50:42
2621,2012-06-21 00:13:52,2012-06-21 01:50:54
2622,2012-06-21 15:00:36,2012-06-21 01:50:53
2623,2012-06-22 09:04:50,2012-06-22 01:51:09
2624,2012-06-23 00:51:54,2012-06-23 01:51:28
2625,2012-06-23 14:44:14,2012-06-23 01:51:28
2626,2012-06-24 00:25:51,2012-06-24 01:51:52
2629,2012-06-25 16:44:06,2012-06-25 01:52:22
2633,2012-06-29 15:42:24,2012-06-29 01:54:55
2635,2012-07-01 03:08:17,2012-07-01 01:56:36
2636,2012-07-01 08:46:31,2012-07-01 01:56:36
2637,2012-07-01 16:00:29,2012-07-01 01:56:36
2638,2012-07-02 04:26:38,2012-07-02 01:57:32
2639,2012-07-02 14:07:08,2012-07-02 01:57:31
2640,2012-07-03 00:03:37,2012-07-03 01:58:32
2641,2012-07-03 18:49:00,2012-07-03 01:58:32
2642,2012-07-04 13:50:04,2012-07-04 01:59:35
2643,2012-07-05 01:10:47,2012-07-05 02:00:41
2644,2012-07-05 17:27:39,2012-07-05 02:00:41
2645,2012-07-06 15:19:50,2012-07-06 02:01:52
2646,2012-07-08 00:46:11,2012-07-08 02:04:21
2649,2012-07-09 12:31:02,2012-07-09 02:05:40
2651,2012-07-10 00:21:13,2012-07-10 02:07:03
2652,2012-07-10 23:47:10,2012-07-10 02:07:03
2653,2012-07-11 15:26:49,2012-07-11 02:08:27
2654,2012-07-12 17:40:59,2012-07-12 02:09:55
2655,2012-07-13 00:07:34,2012-07-13 02:11:25
2656,2012-07-13 14:16:23,2012-07-13 02:11:26
2657,2012-07-14 00:12:45,2012-07-14 02:12:58
2658,2012-07-15 02:30:45,2012-07-15 02:14:33
2661,2012-07-17 05:11:34,2012-07-17 02:17:51
2662,2012-07-17 16:44:52,2012-07-17 02:17:50
2663,2012-07-18 17:11:32,2012-07-18 02:19:32
2664,2012-07-18 23:19:51,2012-07-18 02:19:32
2665,2012-07-19 14:19:16,2012-07-19 02:21:16
2666,2012-07-20 01:22:44,2012-07-20 02:23:00
2667,2012-07-20 14:56:18,2012-07-20 02:23:01
2671,2012-07-21 12:11:26,2012-07-21 02:24:50
2672,2012-07-21 15:17:05,2012-07-21 02:24:48
2673,2012-07-22 12:43:58,2012-07-22 02:26:38
2674,2012-07-23 00:45:04,2012-07-23 02:28:26
2676,2012-07-24 12:16:59,2012-07-24 02:30:18
2681,2012-07-26 14:06:07,2012-07-26 02:34:06
2683,2012-07-27 17:29:35,2012-07-27 02:36:01
2684,2012-07-28 00:16:31,2012-07-28 02:37:57
2688,2012-07-30 00:30:05,2012-07-30 02:41:53
2690,2012-07-30 15:58:45,2012-07-30 02:41:53
2328,2012-06-11 17:39:21,2012-06-11 01:52:14
2329,2012-06-12 03:40:05,2012-06-12 01:51:46
2330,2012-06-12 12:48:22,2012-06-12 01:51:47
2331,2012-06-13 11:17:42,2012-06-13 01:51:23
2332,2012-06-14 03:12:56,2012-06-14 01:51:04
2334,2012-06-14 13:17:09,2012-06-14 01:51:04
2336,2012-06-15 07:28:38,2012-06-15 01:50:51
2337,2012-06-15 16:05:41,2012-06-15 01:50:49
2338,2012-06-16 12:35:21,2012-06-16 01:50:39
2339,2012-06-17 09:59:48,2012-06-17 01:50:33
2340,2012-06-18 05:47:01,2012-06-18 01:50:32
2341,2012-06-18 14:42:23,2012-06-18 01:50:32
2342,2012-06-19 14:33:10,2012-06-19 01:50:34
2343,2012-06-20 10:44:54,2012-06-20 01:50:41
2344,2012-06-21 06:47:01,2012-06-21 01:50:53
2345,2012-06-22 11:03:32,2012-06-22 01:51:11
2346,2012-06-23 09:21:07,2012-06-23 01:51:29
2348,2012-06-26 00:42:08,2012-06-26 01:52:54
2349,2012-06-26 19:24:18,2012-06-26 01:52:53
2350,2012-06-27 01:07:46,2012-06-27 01:53:31
2352,2012-06-27 12:25:48,2012-06-27 01:53:30
2353,2012-06-29 00:58:10,2012-06-29 01:54:55
2354,2012-06-29 14:28:51,2012-06-29 01:54:55
2356,2012-07-01 18:32:48,2012-07-01 01:56:36
2357,2012-07-03 02:41:20,2012-07-03 01:58:32
2359,2012-07-04 16:42:02,2012-07-04 01:59:35
2361,2012-07-05 16:24:00,2012-07-05 02:00:41
2363,2012-07-07 12:57:47,2012-07-07 02:03:04
2365,2012-07-08 15:14:27,2012-07-08 02:04:21
2369,2012-07-10 12:27:55,2012-07-10 02:07:03
2371,2012-07-12 14:30:23,2012-07-12 02:09:53
2376,2012-07-15 14:45:25,2012-07-15 02:14:33
2377,2012-07-16 14:29:31,2012-07-16 02:16:11
2379,2012-07-18 15:15:43,2012-07-18 02:19:32
2380,2012-07-19 11:48:29,2012-07-19 02:21:15
2381,2012-07-20 09:37:27,2012-07-20 02:23:00
2383,2012-07-21 15:04:45,2012-07-21 02:24:49
2384,2012-07-22 14:08:14,2012-07-22 02:26:38
2385,2012-07-22 16:54:38,2012-07-22 02:26:36
2388,2012-07-24 13:49:03,2012-07-24 02:30:18
2390,2012-07-26 15:33:05,2012-07-26 02:34:05
2391,2012-07-27 13:58:02,2012-07-27 02:36:01
2392,2012-07-28 13:26:00,2012-07-28 02:37:57
2393,2012-07-29 11:49:19,2012-07-29 02:39:54
2394,2012-07-30 01:20:28,2012-07-30 02:41:53
2406,2013-05-04 06:16:26,2013-05-04 02:51:48
2409,2013-05-05 08:03:38,2013-05-05 02:49:28
2410,2013-05-05 14:28:41,2013-05-05 02:49:28
2413,2013-05-07 01:45:44,2013-05-07 02:44:57
2414,2013-05-07 10:31:15,2013-05-07 02:44:57
2415,2013-05-08 01:09:28,2013-05-08 02:42:43
2416,2013-05-08 11:02:28,2013-05-08 02:42:43
2417,2013-05-09 01:34:18,2013-05-09 02:40:32
2418,2013-05-09 10:22:16,2013-05-09 02:40:32
2419,2013-05-10 01:35:19,2013-05-10 02:38:22
2420,2013-05-10 12:48:26,2013-05-10 02:38:22
2421,2013-05-11 01:42:31,2013-05-11 02:36:14
2422,2013-05-11 08:47:19,2013-05-11 02:36:14
2423,2013-05-12 01:20:08,2013-05-12 02:34:08
2424,2013-05-13 01:17:58,2013-05-13 02:32:04
2425,2013-05-13 07:44:31,2013-05-13 02:32:04
2426,2013-05-13 13:53:07,2013-05-13 02:32:04
2428,2013-05-14 01:30:48,2013-05-14 02:30:03
2429,2013-05-14 08:40:05,2013-05-14 02:30:03
2431,2013-05-15 01:38:46,2013-05-15 02:28:03
2432,2013-05-15 07:22:46,2013-05-15 02:28:03
2433,2013-05-15 14:10:03,2013-05-15 02:28:03
2434,2013-05-16 01:52:07,2013-05-16 02:26:04
2435,2013-05-16 07:37:47,2013-05-16 02:26:05
2436,2013-05-17 01:20:37,2013-05-17 02:24:10
2437,2013-05-17 07:11:58,2013-05-17 02:24:10
2439,2013-05-18 01:57:30,2013-05-18 02:22:17
2440,2013-05-18 10:05:57,2013-05-18 02:22:17
2441,2013-05-19 01:30:28,2013-05-19 02:20:27
2442,2013-05-19 10:02:46,2013-05-19 02:20:27
2444,2013-05-20 01:54:29,2013-05-20 02:18:39
2449,2013-05-21 01:41:56,2013-05-21 02:16:53
2450,2013-05-21 17:18:11,2013-05-21 02:16:53
2451,2013-05-22 04:57:11,2013-05-22 02:15:11
2452,2013-05-22 14:32:04,2013-05-22 02:15:11
2453,2013-05-23 02:51:15,2013-05-23 02:13:31
2454,2013-05-24 13:07:47,2013-05-24 02:11:53
2455,2013-05-24 15:31:38,2013-05-24 02:11:56
2456,2013-05-25 01:33:51,2013-05-25 02:10:19
2457,2013-05-26 15:50:44,2013-05-26 02:08:49
2458,2013-05-27 04:33:22,2013-05-27 02:07:20
2460,2013-05-29 08:32:19,2013-05-29 02:04:34
2462,2013-06-07 09:08:32,2013-06-07 01:54:57
2464,2013-06-07 17:41:38,2013-06-07 01:54:57
2465,2013-06-08 12:55:45,2013-06-08 01:54:12
2467,2013-06-20 09:01:33,2013-06-20 01:50:40
2468,2013-06-20 16:51:25,2013-06-20 01:50:40
2469,2013-06-21 11:09:43,2013-06-21 01:50:51
2470,2013-06-22 11:44:05,2013-06-22 01:51:06
2471,2013-06-23 09:13:35,2013-06-23 01:51:24
2475,2013-07-12 00:45:58,2013-07-12 02:09:33
2477,2013-07-17 15:57:42,2013-07-17 02:17:28
2478,2013-07-18 14:22:29,2013-07-18 02:19:08
2480,2013-07-19 12:32:57,2013-07-19 02:20:50
2481,2013-07-20 14:05:02,2013-07-20 02:22:36
2482,2013-07-21 12:20:21,2013-07-21 02:24:22
2483,2013-07-21 16:01:09,2013-07-21 02:24:22
2484,2013-07-22 02:03:35,2013-07-22 02:26:11
2485,2013-07-22 15:33:27,2013-07-22 02:26:11
1943,2012-06-09 13:49:35,2012-06-09 01:53:21
1944,2012-06-10 07:11:07,2012-06-10 01:52:45
1945,2012-06-10 15:09:01,2012-06-10 01:52:45
1947,2012-06-12 07:02:05,2012-06-12 01:51:47
1950,2012-06-13 13:37:45,2012-06-13 01:51:24
1954,2012-06-14 13:29:25,2012-06-14 01:51:05
1957,2012-06-15 10:25:29,2012-06-15 01:50:50
1961,2012-06-16 11:03:53,2012-06-16 01:50:40
1962,2012-06-16 14:48:53,2012-06-16 01:50:40
1964,2012-06-17 04:30:00,2012-06-17 01:50:34
1966,2012-06-17 15:12:24,2012-06-17 01:50:34
1968,2012-06-18 02:31:53,2012-06-18 01:50:31
1969,2012-06-18 13:39:48,2012-06-18 01:50:32
1970,2012-06-19 02:28:40,2012-06-19 01:50:35
1971,2012-06-20 01:53:00,2012-06-20 01:50:42
1972,2012-06-21 09:12:01,2012-06-21 01:50:53
1973,2012-06-22 10:58:40,2012-06-22 01:51:12
1974,2012-06-23 15:27:21,2012-06-23 01:51:28
1975,2012-06-24 12:31:50,2012-06-24 01:51:53
1976,2012-06-24 16:35:16,2012-06-24 01:51:53
1977,2012-06-25 14:22:59,2012-06-25 01:52:21
1978,2012-06-26 00:16:49,2012-06-26 01:52:54
1980,2012-06-26 12:57:27,2012-06-26 01:52:53
1981,2012-06-27 13:33:52,2012-06-27 01:53:31
1982,2012-06-27 16:36:17,2012-06-27 01:53:30
1983,2012-06-28 00:49:24,2012-06-28 01:54:11
1984,2012-06-29 11:36:49,2012-06-29 01:54:55
1985,2012-06-30 00:47:59,2012-06-30 01:55:44
1986,2012-06-30 13:57:30,2012-06-30 01:55:45
1987,2012-07-01 01:04:09,2012-07-01 01:56:36
1989,2012-07-01 13:33:03,2012-07-01 01:56:36
1990,2012-07-02 00:49:48,2012-07-02 01:57:32
1992,2012-07-03 11:34:55,2012-07-03 01:58:31
1995,2012-07-04 10:41:17,2012-07-04 01:59:37
1996,2012-07-05 11:08:10,2012-07-05 02:00:42
1997,2012-07-06 12:09:45,2012-07-06 02:01:53
1999,2012-07-07 14:11:15,2012-07-07 02:03:04
2000,2012-07-08 13:52:58,2012-07-08 02:04:21
2001,2012-07-08 16:23:07,2012-07-08 02:04:20
2006,2012-07-10 12:29:39,2012-07-10 02:07:03
2009,2012-07-11 10:25:12,2012-07-11 02:08:27
2010,2012-07-11 16:37:39,2012-07-11 02:08:27
2013,2012-07-12 13:26:47,2012-07-12 02:09:55
2016,2012-07-13 10:57:23,2012-07-13 02:11:25
2020,2012-07-14 10:06:29,2012-07-14 02:12:58
2023,2012-07-16 13:24:18,2012-07-16 02:16:12
2055,2013-05-01 03:10:02,2013-05-01 02:58:49
2056,2013-05-02 02:06:34,2013-05-02 02:56:27
2057,2013-05-02 15:32:05,2013-05-02 02:56:26
2058,2013-05-03 12:21:02,2013-05-03 02:54:05
2059,2013-05-04 09:05:52,2013-05-04 02:51:46
2060,2013-05-05 10:29:32,2013-05-05 02:49:28
2061,2013-05-06 11:16:56,2013-05-06 02:47:12
2062,2013-05-07 02:24:58,2013-05-07 02:44:57
2063,2013-05-07 12:55:03,2013-05-07 02:44:57
2068,2013-05-10 13:00:19,2013-05-10 02:38:22
2069,2013-05-11 02:09:57,2013-05-11 02:36:15
2071,2013-05-12 01:36:22,2013-05-12 02:34:08
2072,2013-05-12 14:25:12,2013-05-12 02:34:09
2073,2013-05-13 01:40:36,2013-05-13 02:32:05
2075,2013-05-14 01:36:15,2013-05-14 02:30:03
2076,2013-05-14 17:36:01,2013-05-14 02:30:03
2078,2013-05-15 09:36:38,2013-05-15 02:28:03
2079,2013-05-16 13:42:27,2013-05-16 02:26:05
2080,2013-05-17 13:41:19,2013-05-17 02:24:10
2081,2013-05-18 12:24:57,2013-05-18 02:22:17
2082,2013-05-19 02:14:38,2013-05-19 02:20:27
2083,2013-05-19 18:23:39,2013-05-19 02:20:27
2084,2013-05-20 02:13:02,2013-05-20 02:18:39
2091,2013-05-21 16:21:32,2013-05-21 02:16:53
2092,2013-05-22 01:56:30,2013-05-22 02:15:11
2094,2013-05-22 17:37:09,2013-05-22 02:15:11
2095,2013-05-23 01:12:44,2013-05-23 02:13:31
2096,2013-05-23 16:47:37,2013-05-23 02:13:31
2097,2013-05-24 02:04:58,2013-05-24 02:11:54
2098,2013-05-24 17:12:37,2013-05-24 02:11:54
2099,2013-05-26 01:01:38,2013-05-26 02:08:48
2101,2013-05-27 13:25:08,2013-05-27 02:07:20
2102,2013-05-29 15:59:50,2013-05-29 02:04:34
2103,2013-05-30 13:19:45,2013-05-30 02:03:16
2104,2013-05-31 14:32:21,2013-05-31 02:02:00
2106,2013-06-01 09:26:59,2013-06-01 02:00:48
2107,2013-06-02 00:58:58,2013-06-02 01:59:41
2109,2013-06-03 14:00:38,2013-06-03 01:58:36
2110,2013-06-04 00:54:39,2013-06-04 01:57:36
2111,2013-06-05 15:15:37,2013-06-05 01:56:39
2112,2013-06-06 12:30:39,2013-06-06 01:55:46
2113,2013-06-07 12:48:49,2013-06-07 01:54:57
2114,2013-06-09 12:38:58,2013-06-09 01:53:32
2115,2013-06-10 01:41:27,2013-06-10 01:52:54
2118,2013-06-10 16:42:04,2013-06-10 01:52:55
2119,2013-06-11 11:48:13,2013-06-11 01:52:22
2122,2013-06-12 15:01:39,2013-06-12 01:51:54
2124,2013-06-14 01:10:21,2013-06-14 01:51:09
2126,2013-06-15 00:32:43,2013-06-15 01:50:54
2127,2013-06-15 13:44:42,2013-06-15 01:50:54
2128,2013-06-16 00:38:17,2013-06-16 01:50:42
2129,2013-06-16 14:12:29,2013-06-16 01:50:42
2130,2013-06-17 01:03:51,2013-06-17 01:50:35
2131,2013-06-17 14:56:58,2013-06-17 01:50:35
2132,2013-06-18 13:59:54,2013-06-18 01:50:33
2133,2013-06-19 12:39:19,2013-06-19 01:50:34
2134,2013-06-19 18:10:29,2013-06-19 01:50:35
2136,2013-06-20 01:42:29,2013-06-20 01:50:40
2137,2013-06-20 11:17:25,2013-06-20 01:50:40
2138,2013-06-21 13:53:11,2013-06-21 01:50:50
2139,2013-06-22 13:34:11,2013-06-22 01:51:06
2140,2013-06-23 13:20:33,2013-06-23 01:51:24
2142,2013-06-24 11:44:41,2013-06-24 01:51:48
2144,2013-06-25 10:57:39,2013-06-25 01:52:15
2145,2013-06-25 17:16:51,2013-06-25 01:52:15
2146,2013-06-26 01:38:41,2013-06-26 01:52:46
2149,2013-06-27 12:59:46,2013-06-27 01:53:22
2151,2013-06-28 12:01:37,2013-06-28 01:54:02
2152,2013-06-29 11:36:31,2013-06-29 01:54:45
2154,2013-06-30 14:27:06,2013-06-30 01:55:32
2155,2013-07-01 09:41:05,2013-07-01 01:56:25
2158,2013-07-02 12:16:20,2013-07-02 01:57:19
2159,2013-07-03 13:11:06,2013-07-03 01:58:18
2160,2013-07-04 03:15:12,2013-07-04 01:59:20
2161,2013-07-04 12:38:08,2013-07-04 01:59:20
2164,2013-07-05 14:21:15,2013-07-05 02:00:26
2165,2013-07-06 12:39:58,2013-07-06 02:01:35
2166,2013-07-07 14:18:17,2013-07-07 02:02:47
2167,2013-07-08 12:34:49,2013-07-08 02:04:04
2171,2013-07-10 14:00:55,2013-07-10 02:06:43
2172,2013-07-11 12:19:36,2013-07-11 02:08:07
2175,2013-07-13 11:53:41,2013-07-13 02:11:05
2180,2013-07-14 16:51:51,2013-07-14 02:12:36
2183,2013-07-15 15:13:29,2013-07-15 02:14:11
2186,2013-07-16 13:06:45,2013-07-16 02:15:48
2188,2013-07-16 18:54:45,2013-07-16 02:15:46
2189,2013-07-17 11:59:00,2013-07-17 02:17:27
2192,2013-07-17 18:58:25,2013-07-17 02:17:26
2201,2013-07-26 15:54:05,2013-07-26 02:33:38
2202,2013-07-27 15:09:18,2013-07-27 02:35:32
1353,2011-05-22 00:56:33,2011-05-22 02:16:01
1354,2011-05-23 01:27:53,2011-05-23 02:14:21
1355,2011-05-23 17:19:51,2011-05-23 02:14:21
1356,2011-05-24 00:13:43,2011-05-24 02:12:43
1357,2011-05-25 00:29:11,2011-05-25 02:11:05
1360,2011-05-25 17:01:58,2011-05-25 02:11:07
1361,2011-05-26 01:08:36,2011-05-26 02:09:34
1363,2011-05-29 01:31:39,2011-05-29 02:05:14
1364,2011-05-30 00:06:35,2011-05-30 02:03:53
1365,2011-05-30 07:06:25,2011-05-30 02:03:53
1367,2011-05-30 23:41:04,2011-05-30 02:03:53
1368,2011-05-31 23:22:39,2011-05-31 02:02:37
1372,2011-06-03 13:39:58,2011-06-03 01:59:08
1373,2011-06-04 11:54:38,2011-06-04 01:58:04
1375,2011-06-05 00:18:52,2011-06-05 01:57:07
1376,2011-06-05 10:41:33,2011-06-05 01:57:09
1378,2011-06-06 23:27:13,2011-06-06 01:56:11
1381,2011-06-07 23:44:27,2011-06-07 01:55:20
1384,2011-06-08 23:42:30,2011-06-08 01:54:32
1386,2011-06-13 23:44:01,2011-06-13 01:51:39
1387,2011-06-14 13:22:29,2011-06-14 01:51:18
1388,2011-06-14 17:33:20,2011-06-14 01:51:17
1390,2011-06-16 11:18:12,2011-06-16 01:50:47
1392,2011-06-16 17:20:34,2011-06-16 01:50:46
1393,2011-06-17 23:49:49,2011-06-17 01:50:37
1394,2011-06-19 01:25:29,2011-06-19 01:50:31
1395,2011-06-20 00:20:33,2011-06-20 01:50:35
1396,2011-06-20 23:38:09,2011-06-20 01:50:35
1398,2011-06-21 15:23:26,2011-06-21 01:50:43
1399,2011-06-21 23:55:42,2011-06-21 01:50:43
1400,2011-06-22 10:19:57,2011-06-22 01:50:55
1401,2011-06-23 00:27:44,2011-06-23 01:51:12
1402,2011-06-23 23:52:33,2011-06-23 01:51:12
1403,2011-06-24 13:02:51,2011-06-24 01:51:33
1411,2011-07-04 00:09:56,2011-07-04 01:58:46
1412,2011-07-04 15:21:41,2011-07-04 01:58:47
1413,2011-07-04 18:13:43,2011-07-04 01:58:47
1414,2011-07-05 08:23:02,2011-07-05 01:59:50
1416,2011-07-05 17:08:52,2011-07-05 01:59:50
1419,2011-07-07 12:30:36,2011-07-07 02:02:09
1420,2011-07-07 16:16:51,2011-07-07 02:02:09
1424,2011-07-08 17:41:24,2011-07-08 02:03:23
1425,2011-07-09 16:13:36,2011-07-09 02:04:40
1426,2011-07-09 18:25:22,2011-07-09 02:04:40
1427,2011-07-10 13:03:04,2011-07-10 02:06:00
1428,2011-07-10 16:36:02,2011-07-10 02:06:00
1429,2011-07-11 13:13:04,2011-07-11 02:07:22
1431,2011-07-12 13:33:05,2011-07-12 02:08:48
1436,2011-07-15 23:44:24,2011-07-15 02:13:19
1437,2011-07-16 16:13:16,2011-07-16 02:14:57
1439,2011-07-18 00:55:55,2011-07-18 02:18:13
1440,2011-07-18 11:54:36,2011-07-18 02:18:14
1441,2011-07-19 00:20:43,2011-07-19 02:19:56
1445,2011-07-20 08:28:37,2011-07-20 02:21:41
1450,2011-07-25 12:55:18,2011-07-25 02:30:45
1451,2011-07-26 16:53:25,2011-07-26 02:32:38
1452,2011-07-27 11:59:33,2011-07-27 02:34:32
1455,2011-07-30 14:45:35,2011-07-30 02:40:22
1521,2012-05-01 11:24:34,2012-05-01 02:58:14
1522,2012-05-02 10:01:59,2012-05-02 02:55:52
1524,2012-05-03 01:58:18,2012-05-03 02:53:31
1526,2012-05-03 12:41:26,2012-05-03 02:53:31
1527,2012-05-04 08:05:57,2012-05-04 02:51:12
1528,2012-05-04 15:20:22,2012-05-04 02:51:12
1529,2012-05-04 17:11:19,2012-05-04 02:51:12
1530,2012-05-05 02:29:34,2012-05-05 02:48:54
1531,2012-05-05 13:27:44,2012-05-05 02:48:54
1532,2012-05-06 02:25:10,2012-05-06 02:46:38
1533,2012-05-06 08:42:22,2012-05-06 02:46:38
1534,2012-05-06 13:11:47,2012-05-06 02:46:38
1535,2012-05-07 05:08:19,2012-05-07 02:44:23
1536,2012-05-08 06:50:28,2012-05-08 02:42:11
1537,2012-05-08 12:30:04,2012-05-08 02:42:11
1538,2012-05-08 17:25:35,2012-05-08 02:42:11
1539,2012-05-09 02:01:59,2012-05-09 02:40:00
1540,2012-05-09 09:04:00,2012-05-09 02:40:00
1541,2012-05-10 01:39:30,2012-05-10 02:37:50
1543,2012-05-10 12:21:34,2012-05-10 02:37:51
1544,2012-05-10 17:52:30,2012-05-10 02:37:51
1545,2012-05-11 01:55:27,2012-05-11 02:35:43
1546,2012-05-11 10:43:13,2012-05-11 02:35:43
1547,2012-05-11 17:44:40,2012-05-11 02:35:43
1548,2012-05-12 01:40:10,2012-05-12 02:33:38
1549,2012-05-12 08:44:06,2012-05-12 02:33:38
1550,2012-05-13 02:03:02,2012-05-13 02:31:35
1551,2012-05-13 09:37:31,2012-05-13 02:31:35
1552,2012-05-14 02:28:08,2012-05-14 02:29:33
1553,2012-05-14 14:38:00,2012-05-14 02:29:33
1556,2012-05-15 06:25:32,2012-05-15 02:27:33
1557,2012-05-15 11:51:03,2012-05-15 02:27:34
1558,2012-05-16 01:57:48,2012-05-16 02:25:37
1559,2012-05-16 10:49:56,2012-05-16 02:25:37
1560,2012-05-17 02:08:49,2012-05-17 02:23:42
1561,2012-05-17 10:54:13,2012-05-17 02:23:42
1562,2012-05-18 01:53:58,2012-05-18 02:21:50
1563,2012-05-19 12:53:29,2012-05-19 02:20:00
1564,2012-05-20 13:39:44,2012-05-20 02:18:13
1565,2012-05-21 17:38:44,2012-05-21 02:16:28
1566,2012-05-22 01:22:29,2012-05-22 02:14:46
1567,2012-05-22 14:10:59,2012-05-22 02:14:47
1568,2012-05-23 06:51:09,2012-05-23 02:13:07
1569,2012-05-24 06:59:58,2012-05-24 02:11:31
1570,2012-05-25 05:51:47,2012-05-25 02:09:56
1571,2012-05-26 13:27:06,2012-05-26 02:08:27
1572,2012-05-27 06:21:20,2012-05-27 02:06:59
1573,2012-05-28 18:09:05,2012-05-28 02:05:35
1574,2012-05-29 17:33:34,2012-05-29 02:04:14
1575,2012-05-30 08:38:32,2012-05-30 02:02:57
1576,2012-05-31 07:27:24,2012-05-31 02:01:42
1577,2012-06-01 00:26:03,2012-06-01 02:00:32
1578,2012-06-01 11:05:20,2012-06-01 02:00:32
1579,2012-06-03 07:27:52,2012-06-03 01:58:21
1580,2012-06-04 11:26:00,2012-06-04 01:57:22
1581,2012-06-05 10:52:39,2012-06-05 01:56:24
1582,2012-06-05 23:33:36,2012-06-05 01:56:26
1583,2012-06-06 12:39:34,2012-06-06 01:55:33
1584,2012-06-06 16:26:07,2012-06-06 01:55:34
1585,2012-06-07 06:08:41,2012-06-07 01:54:46
1586,2012-06-08 12:44:51,2012-06-08 01:54:02
1588,2012-06-09 00:31:28,2012-06-09 01:53:22
1590,2012-06-09 14:41:56,2012-06-09 01:53:20
1591,2012-06-10 12:46:05,2012-06-10 01:52:44
1592,2012-06-11 23:09:38,2012-06-11 01:52:14
1593,2012-06-13 10:58:45,2012-06-13 01:51:24
1594,2012-06-13 23:52:31,2012-06-13 01:51:24
1595,2012-06-14 13:12:15,2012-06-14 01:51:05
1596,2012-06-14 23:45:40,2012-06-14 01:51:05
1598,2012-06-16 06:03:41,2012-06-16 01:50:40
1599,2012-06-16 18:05:12,2012-06-16 01:50:40
1600,2012-06-17 23:49:32,2012-06-17 01:50:34
1601,2012-06-18 15:10:31,2012-06-18 01:50:32
1602,2012-06-18 21:40:28,2012-06-18 01:50:32
1603,2012-06-19 17:17:47,2012-06-19 01:50:35
1604,2012-06-19 23:22:23,2012-06-19 01:50:35
1605,2012-06-20 17:12:58,2012-06-20 01:50:42
1607,2012-06-22 09:20:36,2012-06-22 01:51:09
1608,2012-06-22 15:09:29,2012-06-22 01:51:09
1609,2012-06-23 02:14:16,2012-06-23 01:51:29
1611,2012-06-23 15:53:10,2012-06-23 01:51:29
1612,2012-06-24 15:14:00,2012-06-24 01:51:53
1613,2012-06-24 18:34:46,2012-06-24 01:51:53
1616,2012-06-28 10:24:46,2012-06-28 01:54:11
1618,2012-06-29 09:12:53,2012-06-29 01:54:55
1623,2012-06-30 23:22:08,2012-06-30 01:55:44
1624,2012-07-01 13:09:34,2012-07-01 01:56:37
1625,2012-07-02 00:14:45,2012-07-02 01:57:33
1627,2012-07-02 13:56:00,2012-07-02 01:57:32
1628,2012-07-02 17:11:27,2012-07-02 01:57:32
1629,2012-07-03 00:23:06,2012-07-03 01:58:31
1631,2012-07-04 00:04:36,2012-07-04 01:59:36
1632,2012-07-04 11:23:25,2012-07-04 01:59:35
1634,2012-07-07 14:35:24,2012-07-07 02:03:05
1635,2012-07-08 14:09:15,2012-07-08 02:04:21
1636,2012-07-08 23:45:10,2012-07-08 02:04:21
1638,2012-07-10 12:58:00,2012-07-10 02:07:03
1639,2012-07-11 10:04:06,2012-07-11 02:08:28
1640,2012-07-12 13:51:37,2012-07-12 02:09:56
1643,2012-07-14 14:24:50,2012-07-14 02:12:58
1645,2012-07-15 15:04:21,2012-07-15 02:14:33
1646,2012-07-16 14:40:09,2012-07-16 02:16:11
1648,2012-07-17 12:53:23,2012-07-17 02:17:51
1649,2012-07-18 12:05:12,2012-07-18 02:19:32
1650,2012-07-19 12:13:06,2012-07-19 02:21:16
1652,2012-07-20 15:27:11,2012-07-20 02:23:00
1653,2012-07-20 18:26:04,2012-07-20 02:23:01
1655,2012-07-21 13:32:20,2012-07-21 02:24:47
1656,2012-07-22 14:51:09,2012-07-22 02:26:36
1658,2012-07-24 14:34:03,2012-07-24 02:30:18
1659,2012-07-25 16:01:09,2012-07-25 02:32:11
499,2011-05-29 01:08:05,2011-05-29 02:05:16
500,2011-05-30 01:05:09,2011-05-30 02:03:54
505,2011-06-08 06:29:06,2011-06-08 01:54:35
506,2011-06-09 02:07:46,2011-06-09 01:53:52
507,2011-06-10 00:18:11,2011-06-10 01:53:13
508,2011-06-10 06:21:01,2011-06-10 01:53:16
509,2011-06-11 05:56:50,2011-06-11 01:52:38
510,2011-06-13 09:33:07,2011-06-13 01:51:42
511,2011-06-14 01:24:48,2011-06-14 01:51:19
513,2011-06-14 15:07:27,2011-06-14 01:51:19
517,2011-06-20 09:50:16,2011-06-20 01:50:37
518,2011-06-20 17:30:03,2011-06-20 01:50:36
520,2011-06-21 10:10:48,2011-06-21 01:50:45
540,2011-07-10 22:11:58,2011-07-10 02:06:02
541,2011-07-11 06:55:14,2011-07-11 02:07:23
542,2011-07-11 17:41:09,2011-07-11 02:07:23
543,2011-07-12 09:47:32,2011-07-12 02:08:49
546,2011-07-15 12:01:49,2011-07-15 02:13:21
604,2012-05-01 11:45:08,2012-05-01 02:58:16
605,2012-05-01 18:55:13,2012-05-01 02:58:15
612,2012-05-02 23:18:59,2012-05-02 02:55:55
618,2012-05-05 04:01:04,2012-05-05 02:48:57
621,2012-05-06 02:16:15,2012-05-06 02:46:41
626,2012-05-06 14:34:23,2012-05-06 02:46:42
627,2012-05-07 02:06:55,2012-05-07 02:44:27
640,2012-05-08 09:26:38,2012-05-08 02:42:11
642,2012-05-09 01:54:05,2012-05-09 02:40:03
643,2012-05-09 07:06:53,2012-05-09 02:40:00
648,2012-05-12 02:02:22,2012-05-12 02:33:39
653,2012-05-13 12:20:27,2012-05-13 02:31:36
657,2012-05-14 04:57:31,2012-05-14 02:29:34
662,2012-05-15 07:53:56,2012-05-15 02:27:35
666,2012-05-16 07:55:38,2012-05-16 02:25:39
673,2012-05-17 14:11:05,2012-05-17 02:23:46
678,2012-05-19 00:08:43,2012-05-19 02:20:02
686,2012-05-19 10:22:47,2012-05-19 02:20:02
689,2012-05-20 09:14:39,2012-05-20 02:18:13
694,2012-05-21 02:15:04,2012-05-21 02:16:31
697,2012-05-22 14:20:55,2012-05-22 02:14:46
698,2012-05-23 03:59:18,2012-05-23 02:13:08
704,2012-05-27 00:04:52,2012-05-27 02:06:59
706,2012-05-27 12:47:25,2012-05-27 02:07:02
707,2012-05-28 01:07:47,2012-05-28 02:05:35
709,2012-05-28 14:06:27,2012-05-28 02:05:36
713,2012-05-31 03:22:58,2012-05-31 02:01:45
734,2012-06-22 09:53:14,2012-06-22 01:51:12
740,2012-06-29 15:10:00,2012-06-29 01:54:59
750,2012-07-07 00:24:33,2012-07-07 02:03:07
753,2012-07-07 14:36:13,2012-07-07 02:03:05
756,2012-07-08 14:11:28,2012-07-08 02:04:21
758,2012-07-09 00:48:32,2012-07-09 02:05:40
771,2012-07-14 00:10:07,2012-07-14 02:12:58
772,2012-07-14 17:36:14,2012-07-14 02:12:59
774,2012-07-15 01:03:26,2012-07-15 02:14:34
777,2012-07-16 12:55:24,2012-07-16 02:16:11
880,2013-05-01 10:01:29,2013-05-01 02:58:49
885,2013-05-03 09:10:19,2013-05-03 02:54:07
892,2013-05-05 05:07:50,2013-05-05 02:49:28
893,2013-05-06 04:40:54,2013-05-06 02:47:15
894,2013-05-07 00:15:52,2013-05-07 02:45:00
911,2013-05-10 09:56:03,2013-05-10 02:38:25
915,2013-05-11 04:28:18,2013-05-11 02:36:18
921,2013-05-12 04:22:43,2013-05-12 02:34:12
923,2013-05-13 04:15:08,2013-05-13 02:32:08
926,2013-05-14 02:05:32,2013-05-14 02:30:04
928,2013-05-14 12:15:46,2013-05-14 02:30:06
930,2013-05-15 02:23:33,2013-05-15 02:28:06
937,2013-05-16 08:12:39,2013-05-16 02:26:09
940,2013-05-17 05:46:54,2013-05-17 02:24:14
949,2013-05-18 07:02:17,2013-05-18 02:22:21
954,2013-05-19 02:33:45,2013-05-19 02:20:29
957,2013-05-20 01:22:22,2013-05-20 02:18:42
962,2013-05-21 00:11:58,2013-05-21 02:16:55
972,2013-05-21 12:02:15,2013-05-21 02:16:57
978,2013-05-22 14:35:25,2013-05-22 02:15:14
983,2013-05-24 18:53:47,2013-05-24 02:11:57
986,2013-05-26 01:27:31,2013-05-26 02:08:50
991,2013-05-27 14:30:44,2013-05-27 02:07:24
996,2013-05-31 06:32:38,2013-05-31 02:02:04
1019,2013-06-02 08:19:35,2013-06-02 01:59:44
1022,2013-06-02 12:15:45,2013-06-02 01:59:44
1028,2013-06-03 14:00:56,2013-06-03 01:58:40
1038,2013-06-06 00:21:38,2013-06-06 01:55:49
1047,2013-06-06 14:23:48,2013-06-06 01:55:50
1049,2013-06-07 09:23:31,2013-06-07 01:55:01
1055,2013-06-08 01:12:20,2013-06-08 01:54:16
1060,2013-06-08 20:33:55,2013-06-08 01:54:13
1069,2013-06-11 14:53:56,2013-06-11 01:52:24
1087,2013-06-23 14:13:00,2013-06-23 01:51:27
1100,2013-07-07 15:34:39,2013-07-07 02:02:50
1140,2013-07-23 14:13:08,2013-07-23 02:28:03
1146,2013-07-24 11:38:34,2013-07-24 02:29:55
1148,2013-07-25 07:29:51,2013-07-25 02:31:47
1152,2013-07-25 14:44:18,2013-07-25 02:31:47
1180,2013-07-31 14:59:08,2013-07-31 02:43:27
2,2011-05-22 03:24:54,2011-05-22 02:16:04
3,2011-05-22 14:01:21,2011-05-22 02:16:03
5,2011-05-23 00:31:03,2011-05-23 02:14:23
7,2011-05-23 15:04:36,2011-05-23 02:14:22
8,2011-05-24 00:07:19,2011-05-24 02:12:44
9,2011-05-24 11:56:40,2011-05-24 02:12:44
10,2011-05-24 23:53:59,2011-05-24 02:12:44
12,2011-05-25 09:55:37,2011-05-25 02:11:09
13,2011-05-25 23:58:07,2011-05-25 02:11:08
14,2011-05-26 17:01:36,2011-05-26 02:09:36
18,2011-05-31 17:38:32,2011-05-31 02:02:39
23,2011-06-06 15:14:00,2011-06-06 01:56:15
24,2011-06-06 20:49:32,2011-06-06 01:56:12
25,2011-06-07 16:09:33,2011-06-07 01:55:22
26,2011-06-08 00:52:38,2011-06-08 01:54:35
28,2011-06-09 04:44:27,2011-06-09 01:53:52
29,2011-06-10 05:21:43,2011-06-10 01:53:13
30,2011-06-11 02:02:29,2011-06-11 01:52:38
31,2011-06-11 06:40:24,2011-06-11 01:52:38
33,2011-06-11 15:57:22,2011-06-11 01:52:38
34,2011-06-12 00:15:50,2011-06-12 01:52:08
35,2011-06-12 06:26:51,2011-06-12 01:52:08
36,2011-06-12 10:57:52,2011-06-12 01:52:08
37,2011-06-12 15:59:08,2011-06-12 01:52:08
38,2011-06-13 04:49:32,2011-06-13 01:51:41
39,2011-06-13 09:38:40,2011-06-13 01:51:41
40,2011-06-13 18:02:20,2011-06-13 01:51:41
41,2011-06-14 00:51:28,2011-06-14 01:51:19
42,2011-06-14 05:52:07,2011-06-14 01:51:19
43,2011-06-14 13:46:18,2011-06-14 01:51:19
44,2011-06-15 15:37:10,2011-06-15 01:51:01
50,2011-06-20 17:06:33,2011-06-20 01:50:37
53,2011-06-23 12:44:12,2011-06-23 01:51:14
54,2011-06-23 23:06:01,2011-06-23 01:51:13
55,2011-06-24 10:59:18,2011-06-24 01:51:35
56,2011-06-24 23:30:24,2011-06-24 01:51:35
61,2011-07-02 09:33:18,2011-07-02 01:56:50
63,2011-07-04 08:11:10,2011-07-04 01:58:48
64,2011-07-04 13:43:40,2011-07-04 01:58:48
65,2011-07-04 15:46:23,2011-07-04 01:58:48
67,2011-07-10 13:41:01,2011-07-10 02:06:01
68,2011-07-10 16:35:47,2011-07-10 02:06:01
69,2011-07-11 12:08:30,2011-07-11 02:07:24
71,2011-07-12 13:17:37,2011-07-12 02:08:49
73,2011-07-13 08:38:19,2011-07-13 02:10:18
75,2011-07-15 11:27:09,2011-07-15 02:13:22
76,2011-07-15 15:37:10,2011-07-15 02:13:22
79,2011-07-19 01:28:18,2011-07-19 02:19:58
81,2011-07-24 16:14:10,2011-07-24 02:28:53
83,2011-07-30 09:53:12,2011-07-30 02:40:24
155,2012-05-01 01:42:11,2012-05-01 02:58:15
156,2012-05-01 10:39:13,2012-05-01 02:58:15
157,2012-05-02 01:45:34,2012-05-02 02:55:53
158,2012-05-02 08:23:14,2012-05-02 02:55:53
159,2012-05-02 11:30:12,2012-05-02 02:55:53
160,2012-05-03 01:44:12,2012-05-03 02:53:33
161,2012-05-03 08:28:12,2012-05-03 02:53:34
162,2012-05-03 12:57:38,2012-05-03 02:53:33
163,2012-05-04 01:42:44,2012-05-04 02:51:14
164,2012-05-04 08:15:45,2012-05-04 02:51:13
165,2012-05-04 12:04:23,2012-05-04 02:51:14
166,2012-05-05 02:11:40,2012-05-05 02:48:56
167,2012-05-05 12:57:42,2012-05-05 02:48:56
168,2012-05-06 01:32:59,2012-05-06 02:46:40
169,2012-05-06 08:24:42,2012-05-06 02:46:40
170,2012-05-07 01:39:13,2012-05-07 02:44:25
171,2012-05-07 06:42:36,2012-05-07 02:44:25
172,2012-05-07 12:52:17,2012-05-07 02:44:25
173,2012-05-08 02:30:10,2012-05-08 02:42:12
174,2012-05-08 11:49:10,2012-05-08 02:42:12
175,2012-05-09 01:51:12,2012-05-09 02:40:01
176,2012-05-09 15:49:12,2012-05-09 02:40:01
177,2012-05-10 02:04:04,2012-05-10 02:37:52
178,2012-05-10 13:22:16,2012-05-10 02:37:53
179,2012-05-10 18:10:22,2012-05-10 02:37:52
180,2012-05-11 17:47:11,2012-05-11 02:35:45
181,2012-05-12 00:29:58,2012-05-12 02:33:39
182,2012-05-12 10:32:22,2012-05-12 02:33:39
184,2012-05-13 03:06:24,2012-05-13 02:31:36
185,2012-05-14 01:37:28,2012-05-14 02:29:35
186,2012-05-14 17:09:04,2012-05-14 02:29:36
187,2012-05-15 01:16:42,2012-05-15 02:27:35
188,2012-05-15 12:07:34,2012-05-15 02:27:35
189,2012-05-16 01:29:06,2012-05-16 02:25:38
190,2012-05-16 10:59:00,2012-05-16 02:25:38
191,2012-05-17 03:57:36,2012-05-17 02:23:44
192,2012-05-17 14:06:41,2012-05-17 02:23:45
194,2012-05-18 10:55:28,2012-05-18 02:21:51
195,2012-05-19 01:01:54,2012-05-19 02:20:01
196,2012-05-19 17:05:27,2012-05-19 02:20:01
197,2012-05-20 01:26:42,2012-05-20 02:18:14
198,2012-05-20 12:53:19,2012-05-20 02:18:15
199,2012-05-21 01:42:10,2012-05-21 02:16:30
200,2012-05-21 12:44:50,2012-05-21 02:16:30
201,2012-05-22 01:07:39,2012-05-22 02:14:47
202,2012-05-23 01:13:37,2012-05-23 02:13:08
203,2012-05-23 11:43:40,2012-05-23 02:13:08
204,2012-05-24 01:09:19,2012-05-24 02:11:32
205,2012-05-24 09:30:53,2012-05-24 02:11:32
206,2012-05-25 01:05:22,2012-05-25 02:09:58
207,2012-05-25 10:17:48,2012-05-25 02:10:00
208,2012-05-26 10:39:41,2012-05-26 02:08:28
209,2012-05-27 01:15:35,2012-05-27 02:07:01
210,2012-05-27 08:49:25,2012-05-27 02:07:00
211,2012-05-28 01:18:54,2012-05-28 02:05:36
212,2012-05-28 08:56:12,2012-05-28 02:05:36
213,2012-05-29 01:18:06,2012-05-29 02:04:15
214,2012-05-29 13:20:08,2012-05-29 02:04:15
215,2012-05-30 01:14:44,2012-05-30 02:02:58
216,2012-05-30 13:20:45,2012-05-30 02:02:58
217,2012-05-31 01:13:48,2012-05-31 02:01:43
218,2012-05-31 11:00:44,2012-05-31 02:01:44
220,2012-06-01 11:26:39,2012-06-01 02:00:32
222,2012-06-02 00:11:12,2012-06-02 01:59:26
223,2012-06-02 13:14:40,2012-06-02 01:59:26
224,2012-06-03 00:58:26,2012-06-03 01:58:21
225,2012-06-03 11:18:34,2012-06-03 01:58:21
228,2012-06-03 23:28:40,2012-06-03 01:58:22
234,2012-06-05 11:10:20,2012-06-05 01:56:27
235,2012-06-05 14:10:32,2012-06-05 01:56:27
236,2012-06-06 01:01:47,2012-06-06 01:55:35
237,2012-06-06 10:36:36,2012-06-06 01:55:37
238,2012-06-07 08:08:42,2012-06-07 01:54:47
239,2012-06-08 11:23:51,2012-06-08 01:54:03
241,2012-06-08 23:22:21,2012-06-08 01:54:03
243,2012-06-09 10:52:13,2012-06-09 01:53:23
244,2012-06-09 22:55:44,2012-06-09 01:53:22
245,2012-06-10 07:56:24,2012-06-10 01:52:47
246,2012-06-11 00:01:00,2012-06-11 01:52:16
247,2012-06-11 08:48:10,2012-06-11 01:52:14
248,2012-06-12 10:56:00,2012-06-12 01:51:48
250,2012-06-14 10:54:46,2012-06-14 01:51:06
252,2012-06-15 09:01:01,2012-06-15 01:50:51
255,2012-06-16 12:25:42,2012-06-16 01:50:41
258,2012-06-17 12:23:07,2012-06-17 01:50:35
259,2012-06-18 13:59:23,2012-06-18 01:50:33
260,2012-06-18 23:22:36,2012-06-18 01:50:33
261,2012-06-19 14:26:18,2012-06-19 01:50:36
262,2012-06-20 12:02:19,2012-06-20 01:50:43
264,2012-06-24 15:20:53,2012-06-24 01:51:54
265,2012-06-24 19:53:06,2012-06-24 01:51:54
267,2012-06-26 23:27:00,2012-06-26 01:52:55
268,2012-06-27 23:47:35,2012-06-27 01:53:32
269,2012-06-28 13:29:54,2012-06-28 01:54:12
271,2012-06-29 23:44:06,2012-06-29 01:54:57
272,2012-07-01 00:22:57,2012-07-01 01:56:38
273,2012-07-01 13:34:22,2012-07-01 01:56:37
274,2012-07-02 00:25:24,2012-07-02 01:57:34
275,2012-07-02 13:32:00,2012-07-02 01:57:36
276,2012-07-03 10:15:45,2012-07-03 01:58:33
277,2012-07-03 16:54:39,2012-07-03 01:58:33
279,2012-07-08 09:58:07,2012-07-08 02:04:23
284,2012-07-21 16:46:59,2012-07-21 02:24:49
370,2011-05-23 13:12:42,2011-05-23 02:14:21
374,2011-05-26 08:22:38,2011-05-26 02:09:34
376,2011-05-27 11:21:08,2011-05-27 02:08:04
382,2011-06-07 04:57:32,2011-06-07 01:55:21
383,2011-06-07 14:19:03,2011-06-07 01:55:21
385,2011-06-08 00:44:23,2011-06-08 01:54:33
387,2011-06-08 11:37:14,2011-06-08 01:54:34
388,2011-06-09 00:49:26,2011-06-09 01:53:50
389,2011-06-09 14:46:19,2011-06-09 01:53:50
391,2011-06-14 06:56:26,2011-06-14 01:51:18
392,2011-06-14 15:57:13,2011-06-14 01:51:18
393,2011-06-15 05:34:47,2011-06-15 01:50:59
396,2011-06-17 05:30:46,2011-06-17 01:50:36
399,2011-06-20 11:58:45,2011-06-20 01:50:35
401,2011-06-24 09:52:39,2011-06-24 01:51:33
402,2011-06-25 00:25:55,2011-06-25 01:51:58
403,2011-06-25 09:40:59,2011-06-25 01:51:58
404,2011-06-26 05:01:24,2011-06-26 01:52:28
406,2011-06-27 09:52:55,2011-06-27 01:53:01
407,2011-06-28 08:34:26,2011-06-28 01:53:40
413,2011-07-05 18:46:03,2011-07-05 01:59:50
414,2011-07-06 09:48:08,2011-07-06 02:00:57
415,2011-07-06 16:59:33,2011-07-06 02:00:57
416,2011-07-07 11:04:48,2011-07-07 02:02:08
417,2011-07-07 14:21:10,2011-07-07 02:02:08
428,2011-07-10 16:38:40,2011-07-10 02:05:59
430,2011-07-11 11:19:53,2011-07-11 02:07:22
436,2011-07-16 09:44:23,2011-07-16 02:14:56
439,2011-07-23 02:14:58,2011-07-23 02:27:02
440,2011-07-23 03:59:17,2011-07-23 02:27:04
447,2012-05-25 15:10:09,2012-05-25 02:09:57
450,2012-06-13 11:23:34,2012-06-13 01:51:23
456,2012-07-21 02:20:16,2012-07-21 02:24:47
457,2012-07-21 16:13:19,2012-07-21 02:24:48
459,2012-07-24 16:39:59,2012-07-24 02:30:18
462,2011-05-25 01:08:17,2011-05-25 02:11:08
476,2011-06-17 05:50:07,2011-06-17 01:50:38
477,2011-06-17 16:20:59,2011-06-17 01:50:38
479,2011-06-19 13:29:50,2011-06-19 01:50:33
482,2011-06-20 14:36:03,2011-06-20 01:50:37
486,2011-06-23 17:54:16,2011-06-23 01:51:14
487,2011-06-24 00:17:24,2011-06-24 01:51:34
488,2011-06-24 10:49:47,2011-06-24 01:51:35
489,2011-06-25 00:04:40,2011-06-25 01:51:59
491,2011-06-26 09:27:19,2011-06-26 01:52:29
492,2011-06-26 12:04:13,2011-06-26 01:52:32
493,2011-06-27 09:06:48,2011-06-27 01:53:02
288,2011-05-25 10:42:32,2011-05-25 02:11:07
289,2011-05-25 13:59:39,2011-05-25 02:11:07
290,2011-05-26 03:10:15,2011-05-26 02:09:34
291,2011-05-27 01:42:33,2011-05-27 02:08:06
292,2011-05-28 01:10:13,2011-05-28 02:06:37
293,2011-05-28 05:50:00,2011-05-28 02:06:38
298,2011-06-03 12:52:24,2011-06-03 01:59:09
299,2011-06-03 16:33:43,2011-06-03 01:59:10
300,2011-06-04 05:09:42,2011-06-04 01:58:05
305,2011-06-04 11:50:33,2011-06-04 01:58:05
306,2011-06-04 17:25:20,2011-06-04 01:58:05
307,2011-06-05 06:56:39,2011-06-05 01:57:07
308,2011-06-05 10:10:09,2011-06-05 01:57:07
311,2011-06-07 15:05:58,2011-06-07 01:55:21
312,2011-06-08 06:46:15,2011-06-08 01:54:33
313,2011-06-08 14:59:01,2011-06-08 01:54:34
314,2011-06-08 19:03:17,2011-06-08 01:54:33
316,2011-06-09 12:52:41,2011-06-09 01:53:51
318,2011-06-10 10:04:18,2011-06-10 01:53:11
322,2011-06-18 10:24:28,2011-06-18 01:50:32
324,2011-06-19 04:58:14,2011-06-19 01:50:31
325,2011-06-19 14:29:25,2011-06-19 01:50:31
326,2011-06-20 00:29:22,2011-06-20 01:50:35
327,2011-06-21 10:57:22,2011-06-21 01:50:43
328,2011-06-21 15:29:35,2011-06-21 01:50:43
329,2011-06-22 05:23:40,2011-06-22 01:50:55
330,2011-06-22 10:08:18,2011-06-22 01:50:56
331,2011-06-22 15:10:10,2011-06-22 01:50:56
334,2011-06-24 15:07:38,2011-06-24 01:51:33
335,2011-06-25 05:58:03,2011-06-25 01:51:58
337,2011-06-25 15:01:04,2011-06-25 01:51:58
338,2011-06-26 05:24:17,2011-06-26 01:52:28
339,2011-06-26 08:26:41,2011-06-26 01:52:27
340,2011-06-26 14:02:09,2011-06-26 01:52:28
341,2011-06-27 07:04:33,2011-06-27 01:53:02
342,2011-06-27 16:38:36,2011-06-27 01:53:01
344,2011-07-10 11:36:14,2011-07-10 02:06:00
345,2011-07-10 16:15:09,2011-07-10 02:05:59
346,2011-07-11 07:22:36,2011-07-11 02:07:23
347,2011-07-12 02:08:39,2011-07-12 02:08:49
349,2011-07-12 13:28:12,2011-07-12 02:08:47
353,2011-07-15 15:08:44,2011-07-15 02:13:20
354,2011-07-16 00:17:47,2011-07-16 02:14:56
355,2011-07-16 11:19:24,2011-07-16 02:14:57
356,2011-07-18 01:07:57,2011-07-18 02:18:14
362,2011-07-20 01:01:15,2011-07-20 02:21:41
363,2011-07-20 07:05:39,2011-07-20 02:21:41
1297,2011-05-25 21:22:22,2011-05-25 02:11:09
1298,2011-05-27 09:21:05,2011-05-27 02:08:05
1303,2011-06-08 00:15:40,2011-06-08 01:54:34
1304,2011-06-08 17:38:13,2011-06-08 01:54:34
1305,2011-06-09 10:28:01,2011-06-09 01:53:53
1307,2011-06-11 16:54:43,2011-06-11 01:52:38
1309,2011-06-16 10:58:52,2011-06-16 01:50:47
1310,2011-06-17 07:45:32,2011-06-17 01:50:37
1311,2011-06-17 11:58:32,2011-06-17 01:50:37
1312,2011-06-18 12:02:51,2011-06-18 01:50:33
3095,2013-06-01 06:24:25,2013-06-01 02:00:49
3096,2013-06-02 10:30:50,2013-06-02 01:59:41
3097,2013-06-03 11:05:14,2013-06-03 01:58:37
3098,2013-06-04 15:16:27,2013-06-04 01:57:37
3099,2013-06-05 14:46:14,2013-06-05 01:56:40
3102,2013-06-06 17:41:02,2013-06-06 01:55:47
3103,2013-06-07 11:41:48,2013-06-07 01:54:58
3104,2013-06-08 17:21:34,2013-06-08 01:54:13
3105,2013-06-09 16:12:25,2013-06-09 01:53:31
3106,2013-06-10 11:29:21,2013-06-10 01:52:56
3108,2013-06-11 12:33:55,2013-06-11 01:52:21
3109,2013-06-12 04:45:04,2013-06-12 01:51:53
3110,2013-06-12 11:48:32,2013-06-12 01:51:52
3111,2013-06-12 16:48:49,2013-06-12 01:51:54
3113,2013-06-13 13:05:36,2013-06-13 01:51:29
3114,2013-06-13 18:19:12,2013-06-13 01:51:29
3115,2013-06-14 07:17:20,2013-06-14 01:51:08
3116,2013-06-14 12:28:02,2013-06-14 01:51:10
3117,2013-06-15 01:53:53,2013-06-15 01:50:53
3118,2013-06-15 07:30:09,2013-06-15 01:50:54
3119,2013-06-15 13:08:22,2013-06-15 01:50:53
3120,2013-06-16 00:58:10,2013-06-16 01:50:43
3121,2013-06-16 07:11:28,2013-06-16 01:50:42
3123,2013-06-16 18:52:25,2013-06-16 01:50:42
3125,2013-06-17 06:48:26,2013-06-17 01:50:35
3126,2013-06-17 18:08:51,2013-06-17 01:50:35
3127,2013-06-18 06:22:25,2013-06-18 01:50:32
3128,2013-06-18 18:17:23,2013-06-18 01:50:32
3129,2013-06-19 03:58:24,2013-06-19 01:50:34
3130,2013-06-19 11:20:49,2013-06-19 01:50:34
3131,2013-06-19 17:56:50,2013-06-19 01:50:35
3132,2013-06-20 05:30:23,2013-06-20 01:50:40
3133,2013-06-20 14:21:09,2013-06-20 01:50:40
3134,2013-06-21 01:27:09,2013-06-21 01:50:51
3135,2013-06-22 01:54:06,2013-06-22 01:51:06
3137,2013-06-24 03:40:47,2013-06-24 01:51:48
3139,2013-06-26 14:11:31,2013-06-26 01:52:46
3140,2013-06-27 07:51:01,2013-06-27 01:53:21
3142,2013-06-28 09:43:48,2013-06-28 01:54:02
3143,2013-06-29 01:28:06,2013-06-29 01:54:45
3145,2013-06-29 13:17:50,2013-06-29 01:54:46
3146,2013-06-30 02:02:45,2013-06-30 01:55:32
3147,2013-06-30 17:39:35,2013-06-30 01:55:33
3148,2013-07-01 06:14:24,2013-07-01 01:56:24
3149,2013-07-01 23:54:30,2013-07-01 01:56:24
3150,2013-07-02 08:24:54,2013-07-02 01:57:19
3151,2013-07-02 10:58:31,2013-07-02 01:57:19
3152,2013-07-03 04:49:27,2013-07-03 01:58:17
3153,2013-07-03 18:14:17,2013-07-03 01:58:18
3154,2013-07-04 09:42:30,2013-07-04 01:59:20
3155,2013-07-05 01:11:51,2013-07-05 02:00:26
3156,2013-07-06 08:59:36,2013-07-06 02:01:35
3157,2013-07-06 13:15:34,2013-07-06 02:01:35
3158,2013-07-08 03:02:32,2013-07-08 02:04:03
3161,2013-07-14 02:52:11,2013-07-14 02:12:36
3162,2013-07-14 09:20:42,2013-07-14 02:12:36
3166,2013-07-15 07:50:04,2013-07-15 02:14:10
3167,2013-07-15 11:50:19,2013-07-15 02:14:10
3175,2013-07-16 07:29:47,2013-07-16 02:15:48
3177,2013-07-16 09:57:47,2013-07-16 02:15:45
3178,2013-07-16 15:54:50,2013-07-16 02:15:49
3180,2013-07-17 05:28:59,2013-07-17 02:17:26
3181,2013-07-17 14:26:28,2013-07-17 02:17:26
3182,2013-07-18 07:28:13,2013-07-18 02:19:07
3184,2013-07-20 12:22:07,2013-07-20 02:22:36
3185,2013-07-21 07:59:56,2013-07-21 02:24:22
3191,2013-07-26 09:50:24,2013-07-26 02:33:38
3194,2013-07-27 13:29:19,2013-07-27 02:35:33
3287,2013-06-11 15:39:08,2013-06-11 01:52:23
3288,2013-06-12 01:59:05,2013-06-12 01:51:55
3289,2013-06-12 09:21:31,2013-06-12 01:51:55
3290,2013-06-12 15:14:18,2013-06-12 01:51:55
3291,2013-06-13 01:38:19,2013-06-13 01:51:31
3292,2013-06-13 10:07:06,2013-06-13 01:51:31
3293,2013-06-13 16:31:35,2013-06-13 01:51:31
3294,2013-06-14 02:47:39,2013-06-14 01:51:11
3295,2013-06-14 07:52:59,2013-06-14 01:51:12
3296,2013-06-15 02:06:38,2013-06-15 01:50:55
3297,2013-06-15 09:58:51,2013-06-15 01:50:55
3298,2013-06-15 15:56:42,2013-06-15 01:50:55
3299,2013-06-16 02:21:58,2013-06-16 01:50:42
3301,2013-06-18 03:52:44,2013-06-18 01:50:34
3302,2013-06-18 12:18:20,2013-06-18 01:50:34
3303,2013-06-18 16:02:35,2013-06-18 01:50:34
3304,2013-06-19 03:44:59,2013-06-19 01:50:36
3305,2013-06-19 16:46:55,2013-06-19 01:50:36
3307,2013-06-21 02:26:03,2013-06-21 01:50:52
3308,2013-06-21 08:07:51,2013-06-21 01:50:52
3311,2013-06-23 17:24:11,2013-06-23 01:51:26
3312,2013-06-24 16:58:35,2013-06-24 01:51:49
3314,2013-06-27 13:19:23,2013-06-27 01:53:24
3315,2013-06-28 00:33:47,2013-06-28 01:54:04
3318,2013-06-30 09:06:03,2013-06-30 01:55:34
3319,2013-07-01 03:34:05,2013-07-01 01:56:25
3325,2013-07-07 12:31:41,2013-07-07 02:02:49
3326,2013-07-08 06:34:38,2013-07-08 02:04:04
3331,2013-07-09 14:38:53,2013-07-09 02:05:23
2714,2013-06-09 08:09:37,2013-06-09 01:53:31
2715,2013-06-09 23:41:05,2013-06-09 01:53:31
2716,2013-06-10 10:13:06,2013-06-10 01:52:55
2717,2013-06-10 17:06:42,2013-06-10 01:52:54
2718,2013-06-11 08:23:44,2013-06-11 01:52:22
2719,2013-06-12 01:00:20,2013-06-12 01:51:53
2720,2013-06-12 08:29:07,2013-06-12 01:51:54
2721,2013-06-12 16:39:58,2013-06-12 01:51:53
2723,2013-06-13 08:16:33,2013-06-13 01:51:29
2724,2013-06-13 16:07:42,2013-06-13 01:51:29
2725,2013-06-14 10:59:55,2013-06-14 01:51:09
2726,2013-06-14 15:15:51,2013-06-14 01:51:09
2727,2013-06-15 04:05:08,2013-06-15 01:50:54
2728,2013-06-15 11:39:09,2013-06-15 01:50:53
2729,2013-06-16 06:28:28,2013-06-16 01:50:42
2730,2013-06-16 23:55:07,2013-06-16 01:50:42
2731,2013-06-17 08:15:08,2013-06-17 01:50:35
2732,2013-06-17 13:40:12,2013-06-17 01:50:36
2733,2013-06-18 01:01:46,2013-06-18 01:50:32
2734,2013-06-18 07:08:42,2013-06-18 01:50:33
2735,2013-06-18 14:45:14,2013-06-18 01:50:32
2736,2013-06-19 06:54:50,2013-06-19 01:50:34
2737,2013-06-20 08:43:09,2013-06-20 01:50:40
2738,2013-06-20 11:00:09,2013-06-20 01:50:41
2739,2013-06-21 00:44:57,2013-06-21 01:50:49
2740,2013-06-21 05:52:41,2013-06-21 01:50:50
2741,2013-06-21 12:56:24,2013-06-21 01:50:50
2742,2013-06-21 16:28:08,2013-06-21 01:50:50
2743,2013-06-22 06:27:21,2013-06-22 01:51:05
2744,2013-06-22 14:54:02,2013-06-22 01:51:06
2746,2013-06-23 08:39:10,2013-06-23 01:51:24
2747,2013-06-24 06:39:02,2013-06-24 01:51:47
2748,2013-06-24 14:18:14,2013-06-24 01:51:48
2749,2013-06-25 07:01:36,2013-06-25 01:52:15
2750,2013-06-25 13:32:21,2013-06-25 01:52:14
2751,2013-06-26 08:32:53,2013-06-26 01:52:46
2752,2013-06-27 01:28:20,2013-06-27 01:53:22
2755,2013-06-27 09:58:35,2013-06-27 01:53:20
2756,2013-06-27 13:55:36,2013-06-27 01:53:22
2757,2013-06-28 01:21:23,2013-06-28 01:54:01
2758,2013-06-28 15:39:08,2013-06-28 01:54:02
2760,2013-06-29 14:05:40,2013-06-29 01:54:46
2761,2013-06-30 00:56:36,2013-06-30 01:55:33
2762,2013-06-30 12:07:45,2013-06-30 01:55:33
2764,2013-07-02 11:43:31,2013-07-02 01:57:19
2765,2013-07-02 16:04:33,2013-07-02 01:57:20
2766,2013-07-03 08:36:50,2013-07-03 01:58:17
2768,2013-07-04 02:25:09,2013-07-04 01:59:20
2769,2013-07-05 13:52:16,2013-07-05 02:00:27
2770,2013-07-06 09:16:45,2013-07-06 02:01:35
2773,2013-07-08 08:54:05,2013-07-08 02:04:03
2774,2013-07-09 11:11:43,2013-07-09 02:05:22
2780,2013-07-13 13:41:14,2013-07-13 02:11:04
2787,2013-07-15 11:44:09,2013-07-15 02:14:12
2792,2013-07-16 12:00:24,2013-07-16 02:15:47
2793,2013-07-16 15:30:48,2013-07-16 02:15:47
2797,2013-07-19 10:18:00,2013-07-19 02:20:51
2798,2013-07-19 14:57:38,2013-07-19 02:20:51
2800,2013-07-21 12:04:07,2013-07-21 02:24:23
2803,2013-07-22 17:29:09,2013-07-22 02:26:11
2809,2013-07-23 12:42:45,2013-07-23 02:28:02
2811,2013-07-23 16:13:26,2013-07-23 02:28:00
2813,2013-07-24 11:09:11,2013-07-24 02:29:52
2824,2013-07-26 09:01:23,2013-07-26 02:33:38
2829,2013-07-27 12:20:35,2013-07-27 02:35:33
2834,2013-07-28 14:43:50,2013-07-28 02:37:29
2836,2013-07-28 18:27:01,2013-07-28 02:37:28
2841,2013-07-30 13:05:37,2013-07-30 02:41:25
2845,2013-07-31 17:05:57,2013-07-31 02:43:25
3249,2013-06-10 00:14:34,2013-06-10 01:52:55
3250,2013-06-11 07:25:38,2013-06-11 01:52:24
3251,2013-06-12 14:19:09,2013-06-12 01:51:53
3252,2013-06-13 00:06:11,2013-06-13 01:51:30
3253,2013-06-13 12:43:06,2013-06-13 01:51:30
3254,2013-06-14 00:27:27,2013-06-14 01:51:10
3256,2013-06-14 14:02:06,2013-06-14 01:51:09
3257,2013-06-15 00:02:08,2013-06-15 01:50:56
3258,2013-06-15 12:26:54,2013-06-15 01:50:54
3259,2013-06-16 00:27:27,2013-06-16 01:50:43
3260,2013-06-16 14:15:36,2013-06-16 01:50:44
3261,2013-06-16 23:31:26,2013-06-16 01:50:43
3262,2013-06-17 11:11:41,2013-06-17 01:50:36
3263,2013-06-17 23:55:29,2013-06-17 01:50:37
3264,2013-06-18 10:04:16,2013-06-18 01:50:34
3265,2013-06-19 07:48:11,2013-06-19 01:50:36
3266,2013-06-20 14:00:24,2013-06-20 01:50:42
3267,2013-06-21 15:01:16,2013-06-21 01:50:52
3268,2013-06-22 07:06:36,2013-06-22 01:51:08
3269,2013-06-22 17:21:18,2013-06-22 01:51:07
3272,2013-06-23 13:02:52,2013-06-23 01:51:26
3274,2013-06-24 14:18:03,2013-06-24 01:51:49
2232,2012-06-09 09:39:28,2012-06-09 01:53:22
2233,2012-06-09 16:17:51,2012-06-09 01:53:21
2235,2012-06-09 18:39:09,2012-06-09 01:53:19
2237,2012-06-11 11:34:09,2012-06-11 01:52:14
2239,2012-06-13 07:07:51,2012-06-13 01:51:23
2240,2012-06-13 16:13:36,2012-06-13 01:51:23
2241,2012-06-14 06:17:00,2012-06-14 01:51:04
2242,2012-06-14 19:42:02,2012-06-14 01:51:04
2245,2012-06-18 21:53:17,2012-06-18 01:50:32
2246,2012-06-19 12:07:08,2012-06-19 01:50:35
2247,2012-06-20 06:50:40,2012-06-20 01:50:43
2248,2012-06-21 00:44:29,2012-06-21 01:50:53
2249,2012-06-21 06:54:08,2012-06-21 01:50:53
2250,2012-06-21 12:27:42,2012-06-21 01:50:53
2251,2012-06-22 07:23:52,2012-06-22 01:51:08
2253,2012-06-23 04:18:20,2012-06-23 01:51:30
2254,2012-06-23 16:38:54,2012-06-23 01:51:28
2255,2012-06-23 23:40:29,2012-06-23 01:51:29
2257,2012-06-25 00:57:20,2012-06-25 01:52:21
2258,2012-06-25 10:51:40,2012-06-25 01:52:21
2260,2012-06-26 23:56:56,2012-06-26 01:52:53
2266,2012-06-29 00:26:21,2012-06-29 01:54:55
2270,2012-07-01 05:55:55,2012-07-01 01:56:36
2271,2012-07-01 16:11:21,2012-07-01 01:56:37
2272,2012-07-02 05:13:15,2012-07-02 01:57:32
2273,2012-07-02 16:12:26,2012-07-02 01:57:32
2276,2012-07-06 13:06:08,2012-07-06 02:01:52
2277,2012-07-07 13:13:38,2012-07-07 02:03:05
2279,2012-07-08 12:24:03,2012-07-08 02:04:21
2280,2012-07-08 23:56:27,2012-07-08 02:04:21
2284,2012-07-13 13:31:17,2012-07-13 02:11:26
2290,2012-07-16 15:54:36,2012-07-16 02:16:11
2294,2012-07-18 13:02:49,2012-07-18 02:19:33
2295,2012-07-19 01:12:09,2012-07-19 02:21:16
2297,2012-07-21 14:52:38,2012-07-21 02:24:49
2300,2012-07-29 10:57:11,2012-07-29 02:39:54
2495,2012-06-10 02:42:05,2012-06-10 01:52:45
2496,2012-06-11 03:27:50,2012-06-11 01:52:14
2498,2012-06-11 11:14:00,2012-06-11 01:52:15
2499,2012-06-12 03:19:34,2012-06-12 01:51:46
2500,2012-06-12 17:11:18,2012-06-12 01:51:46
2501,2012-06-13 04:04:39,2012-06-13 01:51:23
2502,2012-06-13 15:06:46,2012-06-13 01:51:24
2503,2012-06-14 08:45:06,2012-06-14 01:51:04
2504,2012-06-15 11:29:08,2012-06-15 01:50:52
2505,2012-06-16 00:18:32,2012-06-16 01:50:40
2506,2012-06-16 13:02:24,2012-06-16 01:50:40
2508,2012-06-17 14:38:23,2012-06-17 01:50:33
2509,2012-06-18 02:01:08,2012-06-18 01:50:31
2510,2012-06-18 12:47:15,2012-06-18 01:50:32
2511,2012-06-19 01:45:36,2012-06-19 01:50:34
2512,2012-06-19 07:12:36,2012-06-19 01:50:34
2513,2012-06-20 00:05:22,2012-06-20 01:50:43
2532,2012-06-20 12:33:21,2012-06-20 01:50:42
2533,2012-06-21 03:33:42,2012-06-21 01:50:53
2534,2012-06-21 14:59:30,2012-06-21 01:50:53
2535,2012-06-22 01:21:37,2012-06-22 01:51:08
2536,2012-06-22 14:09:00,2012-06-22 01:51:08
2537,2012-06-23 01:55:00,2012-06-23 01:51:28
2540,2012-06-23 09:21:36,2012-06-23 01:51:28
2541,2012-06-24 00:09:20,2012-06-24 01:51:53
2545,2012-06-26 14:18:07,2012-06-26 01:52:53
2546,2012-06-27 00:41:35,2012-06-27 01:53:30
2547,2012-06-27 09:37:10,2012-06-27 01:53:30
2548,2012-06-27 16:49:28,2012-06-27 01:53:30
2549,2012-06-28 01:05:49,2012-06-28 01:54:11
2550,2012-06-28 10:10:04,2012-06-28 01:54:11
2551,2012-06-28 14:53:48,2012-06-28 01:54:11
2553,2012-06-29 12:53:00,2012-06-29 01:54:55
2554,2012-06-30 01:08:14,2012-06-30 01:55:44
2555,2012-06-30 05:09:03,2012-06-30 01:55:44
2556,2012-06-30 14:07:09,2012-06-30 01:55:45
2557,2012-07-01 02:35:09,2012-07-01 01:56:36
2558,2012-07-01 09:15:24,2012-07-01 01:56:36
2559,2012-07-01 15:50:34,2012-07-01 01:56:36
2560,2012-07-02 01:53:46,2012-07-02 01:57:32
2561,2012-07-02 08:59:33,2012-07-02 01:57:33
2562,2012-07-02 15:54:02,2012-07-02 01:57:33
2563,2012-07-03 10:43:05,2012-07-03 01:58:34
2564,2012-07-03 23:45:03,2012-07-03 01:58:32
2565,2012-07-04 15:27:48,2012-07-04 01:59:37
2566,2012-07-06 09:21:07,2012-07-06 02:01:51
2567,2012-07-06 12:55:37,2012-07-06 02:01:51
2568,2012-07-07 02:41:59,2012-07-07 02:03:04
2569,2012-07-07 14:46:15,2012-07-07 02:03:04
2570,2012-07-08 14:49:27,2012-07-08 02:04:21
2571,2012-07-09 00:44:06,2012-07-09 02:05:40
2572,2012-07-09 13:18:31,2012-07-09 02:05:41
2574,2012-07-10 03:29:41,2012-07-10 02:07:02
2578,2012-07-11 01:22:13,2012-07-11 02:08:28
2580,2012-07-13 00:01:24,2012-07-13 02:11:26
2581,2012-07-13 11:14:32,2012-07-13 02:11:25
2582,2012-07-14 17:21:24,2012-07-14 02:12:58
2584,2012-07-16 23:32:03,2012-07-16 02:16:11
2585,2012-07-17 23:58:10,2012-07-17 02:17:51
2586,2012-07-18 10:44:44,2012-07-18 02:19:31
2587,2012-07-19 23:51:32,2012-07-19 02:21:16
2588,2012-07-20 05:22:39,2012-07-20 02:23:00
