"trip_id","date_time_start_solar","time_of_day","time_since_sunrise_h","time_since_sunrise_cos"
1693,2012-06-09 14:21:07,"PM",11.2644444444444,-0.981516009157573
1696,2012-06-10 02:02:57,"AM",-1.02833333333333,0.963979441747735
1698,2012-06-11 01:55:31,"AM",-1.14361111111111,0.955514605910595
1699,2012-06-11 16:57:35,"PM",13.8911111111111,-0.879925130934761
1700,2012-06-12 02:25:52,"AM",-0.63,0.986429257176495
1702,2012-06-13 02:12:46,"AM",-0.841944444444444,0.97580558872653
1703,2012-06-13 10:48:30,"AM",7.75361111111111,-0.443136383985488
1704,2012-06-14 02:33:13,"AM",-0.495833333333333,0.99158665346806
1707,2012-06-14 12:08:30,"PM",9.09277777777778,-0.724071552681391
1710,2012-06-15 02:11:57,"AM",-0.846111111111111,0.975566508961804
1711,2012-06-15 08:59:40,"AM",5.94916666666667,0.0133077427237802
1712,2012-06-15 15:15:31,"PM",12.2133333333333,-0.998440764181981
1714,2012-06-16 11:23:35,"AM",8.35055555555556,-0.577263959631905
1716,2012-06-17 11:19:01,"AM",8.27555555555556,-0.561120645632878
1717,2012-06-18 12:44:58,"PM",9.70916666666667,-0.825483091564749
1718,2012-06-18 16:06:13,"PM",13.0633333333333,-0.961501868856515
1719,2012-06-19 10:56:21,"AM",7.89805555555556,-0.47671133276696
1720,2012-06-20 11:00:44,"AM",7.96916666666667,-0.492993101064404
1721,2012-06-21 15:29:46,"PM",12.4494444444444,-0.993085541572686
1724,2012-06-23 13:27:52,"PM",10.4083333333333,-0.914430644563782
1726,2012-06-24 17:33:25,"PM",14.4941666666667,-0.7942820927783
1729,2012-06-25 14:00:52,"PM",10.9436111111111,-0.961999877125356
1730,2012-06-25 16:43:01,"PM",13.6461111111111,-0.908568944219502
1731,2012-06-26 14:15:50,"PM",11.1841666666667,-0.977277373193165
1732,2012-06-27 19:02:10,"PM",15.9461111111111,-0.512167790107124
1733,2012-06-28 15:00:17,"PM",11.9036111111111,-0.999681625585258
1735,2012-06-29 15:35:46,"PM",12.4825,-0.992032458415579
1737,2012-06-30 14:48:08,"PM",11.6752777777778,-0.996388648951973
1738,2012-07-01 03:29:03,"AM",0.3425,0.995982670897502
1739,2012-07-01 14:42:56,"PM",11.5738888888889,-0.993784121148468
1743,2012-07-03 16:37:18,"PM",13.4472222222222,-0.929078784220875
1744,2012-07-04 13:45:29,"PM",10.5661111111111,-0.930364252698534
1745,2012-07-04 18:53:19,"PM",15.6972222222222,-0.567005408576941
1746,2012-07-05 13:40:55,"PM",10.4722222222222,-0.921072175025023
1750,2012-07-08 15:04:41,"PM",11.8072222222222,-0.998726705065567
1752,2012-07-10 11:53:38,"AM",8.57861111111111,-0.624958842505562
1754,2012-07-11 15:19:23,"PM",11.9838888888889,-0.99999110476145
1757,2012-07-12 14:54:33,"PM",11.5455555555556,-0.992931023778424
1758,2012-07-13 10:21:37,"AM",6.97138888888889,-0.25157670902678
1759,2012-07-14 10:03:51,"AM",6.64972222222222,-0.169277831742146
1760,2012-07-14 15:29:43,"PM",12.0811111111111,-0.999774549273231
1761,2012-07-15 16:01:18,"PM",12.5808333333333,-0.988460863292752
1762,2012-07-16 05:11:47,"AM",1.72861111111111,0.899335306553648
1763,2012-07-16 15:30:07,"PM",12.0341666666667,-0.999959995432148
1764,2012-07-17 17:08:03,"PM",13.6386111111111,-0.909387412905033
1765,2012-07-18 14:33:05,"PM",11.0277777777778,-0.967782453543201
1766,2012-07-19 14:16:17,"PM",10.7188888888889,-0.944280666854419
1767,2012-07-20 16:33:06,"PM",12.97,-0.967928773989973
1768,2012-07-21 15:30:55,"PM",11.9038888888889,-0.999683457855509
1770,2012-07-21 17:49:02,"PM",14.2055555555556,-0.837877535797205
1772,2012-07-22 15:54:59,"PM",12.2747222222222,-0.997414719790104
1781,2012-07-26 11:22:49,"AM",7.61388888888889,-0.410055691998692
1785,2012-07-28 13:39:53,"PM",9.83416666666667,-0.843508646331169
1787,2012-07-30 02:43:57,"AM",-1.16361111111111,0.953957192948199
1789,2012-07-30 14:45:00,"PM",10.8538888888889,-0.955321361010701
1790,2012-07-31 15:08:19,"PM",11.2091666666667,-0.978643735834807
1870,2013-05-09 02:55:53,"AM",-0.9425,0.96971236191259
1871,2013-05-09 17:04:25,"PM",13.2,-0.951056516295154
1875,2013-05-11 15:37:44,"PM",11.8266666666667,-0.998970569790715
1878,2013-05-12 18:20:36,"PM",14.5761111111111,-0.781066567759615
1882,2013-05-14 02:41:00,"AM",-1.01555555555556,0.964863795688333
2911,2013-06-09 01:41:49,"AM",-1.39333333333333,0.934204474321029
2912,2013-06-09 14:41:09,"PM",11.5955555555556,-0.994399597786736
2913,2013-06-10 02:01:06,"AM",-1.06111111111111,0.961661577354635
2915,2013-06-10 17:38:09,"PM",14.5558333333333,-0.784370558047674
2916,2013-06-11 01:55:45,"AM",-1.14194444444444,0.955643208453348
2918,2013-06-11 11:17:46,"AM",8.22527777777778,-0.550177144452173
2919,2013-06-12 16:35:55,"PM",13.5355555555556,-0.92027737953041
2920,2013-06-13 09:22:34,"AM",6.31972222222222,-0.0836053761054204
2921,2013-06-13 15:58:40,"PM",12.9213888888889,-0.971047482500813
2924,2013-06-14 13:57:01,"PM",10.8994444444444,-0.958778416369481
2925,2013-06-15 10:54:54,"AM",7.86861111111111,-0.469920970264264
2926,2013-06-16 11:50:00,"AM",8.79055555555555,-0.667291100296313
2927,2013-06-17 01:10:20,"AM",22.1291666666667,0.882434953613469
2928,2013-06-17 14:34:13,"PM",11.5291666666667,-0.992412622315329
2929,2013-06-18 01:10:03,"AM",22.1263888888889,0.882092610734538
2931,2013-06-18 15:34:02,"PM",12.5266666666667,-0.990509463238309
2932,2013-06-19 01:56:42,"AM",-1.09583333333333,0.959128977032056
2933,2013-06-19 19:57:30,"PM",16.9172222222222,-0.279689377480549
2934,2013-06-20 02:04:08,"AM",-0.973611111111111,0.967690836922104
2936,2013-06-20 19:03:04,"PM",16.0083333333333,-0.498109437249724
2937,2013-06-21 13:29:00,"PM",10.4377777777778,-0.917523419106696
2938,2013-06-22 09:28:38,"AM",6.4275,-0.111685736079217
2939,2013-06-22 13:52:07,"PM",10.8194444444444,-0.952617251361214
2941,2013-06-23 11:29:58,"AM",8.44444444444444,-0.597158591702786
2942,2013-06-23 17:47:02,"PM",14.7288888888889,-0.755472428509727
2943,2013-06-24 12:32:55,"PM",9.48722222222222,-0.791312467601045
2944,2013-06-24 18:32:05,"PM",15.4733333333333,-0.614285200098944
2945,2013-06-25 12:12:31,"PM",9.13972222222222,-0.732493393431854
2946,2013-06-26 15:24:20,"PM",12.3280555555556,-0.996314171857278
2947,2013-06-27 01:06:27,"AM",22.0297222222222,0.869889776392738
2948,2013-06-27 14:13:19,"PM",11.1344444444444,-0.974435459169924
2949,2013-06-28 12:22:11,"PM",9.27111111111111,-0.755472428509727
2950,2013-06-29 12:58:23,"PM",9.8625,-0.847469539474235
2951,2013-06-30 02:18:39,"AM",-0.812777777777778,0.977446619893609
2952,2013-06-30 14:39:47,"PM",11.5391666666667,-0.992731108511398
2953,2013-07-01 02:18:26,"AM",-0.830833333333333,0.976437457398784
2954,2013-07-01 12:56:45,"PM",9.80777777777778,-0.839777832052308
2956,2013-07-02 15:21:16,"PM",12.2011111111111,-0.998614268592235
2958,2013-07-03 13:50:36,"PM",10.6738888888889,-0.940337623263637
2959,2013-07-04 12:14:04,"PM",9.04722222222222,-0.715794306519142
2961,2013-07-05 14:29:24,"PM",11.2847222222222,-0.982518154831327
2963,2013-07-06 12:31:00,"PM",9.29222222222222,-0.759081972668013
2964,2013-07-07 14:28:44,"PM",11.2344444444444,-0.97998265694269
2965,2013-07-08 14:05:53,"PM",10.8325,-0.953651324223452
2968,2013-07-09 13:41:46,"PM",10.4088888888889,-0.914489502320907
2978,2013-07-15 16:35:09,"PM",13.1513888888889,-0.954912055767389
2979,2013-07-16 14:49:27,"PM",11.3627777777778,-0.986117053992963
2980,2013-07-16 18:18:57,"PM",14.8544444444444,-0.733532191999149
2981,2013-07-17 13:37:53,"PM",10.1425,-0.884071700125534
2982,2013-07-17 19:38:25,"PM",16.1513888888889,-0.4652926989665
2983,2013-07-18 15:24:47,"PM",11.8961111111111,-0.999630155905506
2984,2013-07-19 15:14:07,"PM",11.6897222222222,-0.996702614034373
2987,2013-07-20 16:21:34,"PM",12.7841666666667,-0.979001021447232
2989,2013-07-21 15:48:35,"PM",12.2055555555556,-0.998552358968962
2990,2013-07-22 15:32:59,"PM",11.9147222222222,-0.9997507925806
2993,2013-07-23 15:23:25,"PM",11.7255555555556,-0.997419942968032
2994,2013-07-24 13:06:01,"PM",9.40444444444444,-0.777877682745171
2995,2013-07-25 18:07:05,"PM",14.3911111111111,-0.810382640950594
2999,2013-07-26 18:15:13,"PM",14.495,-0.794149527216156
3001,2013-07-27 16:46:33,"PM",12.9852777777778,-0.966916207388054
3005,2013-07-29 18:56:04,"PM",15.0786111111111,-0.692405567534459
3012,2013-07-31 02:19:17,"AM",-1.6,0.913545457642601
3015,2013-07-31 18:40:23,"PM",14.7516666666667,-0.751552042033694
2602,2012-06-09 10:16:38,"AM",7.19027777777778,-0.306595298664318
2607,2012-06-13 06:52:03,"AM",3.81333333333333,0.54170821028274
2608,2012-06-14 08:38:40,"AM",5.59555555555556,0.105685571018841
2609,2012-06-14 15:19:01,"PM",12.2680555555556,-0.997538620145592
2610,2012-06-15 01:13:32,"AM",-1.81916666666667,0.888717273317115
2611,2012-06-15 13:27:44,"PM",10.4175,-0.915399323033321
2612,2012-06-16 01:10:40,"AM",22.1330555555556,0.882913449588744
2613,2012-06-16 11:41:35,"AM",8.65111111111111,-0.639662621947341
2614,2012-06-17 03:50:34,"AM",0.802777777777778,0.977996144452361
2615,2012-06-18 02:37:45,"AM",-0.410833333333333,0.99422143644894
2616,2012-06-18 16:04:46,"PM",13.0397222222222,-0.963182120652023
2617,2012-06-19 08:38:38,"AM",5.60333333333333,0.103660539498455
2619,2012-06-19 19:38:05,"PM",16.5941666666667,-0.359793260667492
2620,2012-06-20 12:14:54,"PM",9.20555555555556,-0.74411725012783
2621,2012-06-21 01:25:44,"AM",-1.61722222222222,0.911702297297947
2622,2012-06-21 16:12:28,"PM",13.1619444444444,-0.954087976863018
2623,2012-06-22 10:16:42,"AM",7.22805555555556,-0.315994037127229
2624,2012-06-23 02:03:46,"AM",-0.992777777777778,0.966413467548639
2625,2012-06-23 15:56:06,"PM",12.8794444444444,-0.973612104863282
2626,2012-06-24 01:37:43,"AM",-1.43361111111111,0.930390912800464
2629,2012-06-25 17:55:58,"PM",14.8622222222222,-0.73214674749175
2633,2012-06-29 16:54:16,"PM",13.7913888888889,-0.89202772791042
2635,2012-07-01 04:20:09,"AM",1.19472222222222,0.951482582955634
2636,2012-07-01 09:58:23,"AM",6.83194444444444,-0.216084608392124
2637,2012-07-01 17:12:21,"PM",14.0647222222222,-0.857429372009449
2638,2012-07-02 05:38:30,"AM",2.485,0.795737817443383
2639,2012-07-02 15:19:00,"PM",12.1602777777778,-0.999119782173457
2640,2012-07-03 01:15:29,"AM",-1.91527777777778,0.876901590198295
2641,2012-07-03 20:00:52,"PM",16.8411111111111,-0.298763202348393
2642,2012-07-04 15:01:56,"PM",11.8413888888889,-0.999137990467674
2643,2012-07-05 02:22:39,"AM",-0.831666666666667,0.976390353777821
2644,2012-07-05 18:39:31,"PM",15.4494444444444,-0.619208162478908
2645,2012-07-06 16:31:42,"PM",13.2994444444444,-0.942690031361356
2646,2012-07-08 01:58:03,"AM",-1.30277777777778,0.94239849065745
2649,2012-07-09 13:42:54,"PM",10.4227777777778,-0.915954655861691
2651,2012-07-10 01:33:05,"AM",-1.76388888888889,0.895258609136972
2652,2012-07-11 00:59:02,"AM",21.6686111111111,0.81944391972903
2653,2012-07-11 16:38:41,"PM",13.3061111111111,-0.942106232276098
2654,2012-07-12 18:52:51,"PM",15.5177777777778,-0.605062414840786
2655,2012-07-13 01:19:26,"AM",-2.06416666666667,0.857504208718187
2656,2012-07-13 15:28:15,"PM",12.0825,-0.999766762556921
2657,2012-07-14 01:24:37,"AM",-2.00361111111111,0.86555232350811
2658,2012-07-15 03:42:37,"AM",0.27,0.99750279641627
2661,2012-07-17 06:23:26,"AM",2.89527777777778,0.726224811948506
2662,2012-07-17 17:56:44,"PM",14.4505555555556,-0.801166781430881
2663,2012-07-18 18:23:24,"PM",14.8666666666667,-0.731353701619171
2664,2012-07-19 00:31:43,"AM",21.0052777777778,0.708083128758594
2665,2012-07-19 15:31:08,"PM",11.9666666666667,-0.999961923064171
2666,2012-07-20 02:34:36,"AM",-1.00444444444444,0.96562402286165
2667,2012-07-20 16:08:10,"PM",12.5547222222222,-0.989473234260428
2671,2012-07-21 13:23:18,"PM",9.77666666666667,-0.835327930385117
2672,2012-07-21 16:28:57,"PM",12.8713888888889,-0.974091218915205
2673,2012-07-22 13:55:50,"PM",10.2888888888889,-0.901329161445462
2674,2012-07-23 01:56:56,"AM",-1.72277777777778,0.900002024376321
2676,2012-07-24 13:28:51,"PM",9.77805555555556,-0.835527770624233
2681,2012-07-26 15:17:59,"PM",11.5336111111111,-0.992555011605524
2683,2012-07-27 18:41:27,"PM",14.8927777777778,-0.726674596113255
2684,2012-07-28 01:28:23,"AM",-2.35722222222222,0.815548845307734
2688,2012-07-30 01:41:57,"AM",-2.19666666666667,0.839145535762833
2690,2012-07-30 17:10:37,"PM",13.2811111111111,-0.944280666854419
2328,2012-06-11 18:51:13,"PM",15.7852777777778,-0.547867443378789
2329,2012-06-12 04:51:57,"AM",1.80527777777778,0.890378386561422
2330,2012-06-12 14:00:14,"PM",10.9430555555556,-0.961960153455343
2331,2012-06-13 12:29:34,"PM",9.43861111111111,-0.78346754981741
2332,2012-06-14 04:24:48,"AM",1.36444444444444,0.936875773117687
2334,2012-06-14 14:29:01,"PM",11.4347222222222,-0.989069542999176
2336,2012-06-15 08:40:30,"AM",5.62972222222222,0.0967867438541255
2337,2012-06-15 17:17:33,"PM",14.2477777777778,-0.831792689232876
2338,2012-06-16 13:47:13,"PM",10.745,-0.94650855506963
2339,2012-06-17 11:11:40,"AM",8.15416666666667,-0.53453674419711
2340,2012-06-18 06:58:53,"AM",3.94138888888889,0.513229216912598
2341,2012-06-18 15:54:15,"PM",12.8641666666667,-0.974517086200913
2342,2012-06-19 15:45:02,"PM",12.71,-0.982774447059331
2343,2012-06-20 11:56:46,"AM",8.90361111111111,-0.689040027248156
2344,2012-06-21 07:58:53,"AM",4.93555555555556,0.275078069816333
2345,2012-06-22 12:15:24,"PM",9.20583333333333,-0.744165830057196
2346,2012-06-23 10:32:59,"AM",7.49388888888889,-0.381204842088994
2348,2012-06-26 01:54:00,"AM",-1.17944444444444,0.95270569099337
2349,2012-06-26 20:36:10,"PM",17.5236111111111,-0.124395245673526
2350,2012-06-27 02:19:38,"AM",-0.7625,0.98014159824568
2352,2012-06-27 13:37:40,"PM",10.5383333333333,-0.92767341895873
2353,2012-06-29 02:10:02,"AM",-0.945833333333333,0.969498844593163
2354,2012-06-29 15:40:43,"PM",12.5655555555556,-0.98905881753288
2356,2012-07-01 19:44:40,"PM",16.6033333333333,-0.357553110578587
2357,2012-07-03 03:53:12,"AM",0.713333333333333,0.982612796543615
2359,2012-07-04 17:53:54,"PM",14.7075,-0.75912931235696
2361,2012-07-05 17:35:52,"PM",14.3886111111111,-0.810765938656243
2363,2012-07-07 14:09:39,"PM",10.9119444444444,-0.959703175233108
2365,2012-07-08 16:26:19,"PM",13.1683333333333,-0.953585652308238
2369,2012-07-10 13:39:47,"PM",10.3477777777778,-0.907899453789845
2371,2012-07-12 15:42:15,"PM",12.3416666666667,-0.996002183141757
2376,2012-07-15 15:57:17,"PM",12.5144444444444,-0.990944182787431
2377,2012-07-16 15:41:23,"PM",12.2222222222222,-0.998308158271268
2379,2012-07-18 16:27:35,"PM",12.9363888888889,-0.970101892222763
2380,2012-07-19 13:00:21,"PM",9.45388888888889,-0.785946828718256
2381,2012-07-20 10:49:19,"AM",7.24083333333333,-0.319166072697024
2383,2012-07-21 16:16:37,"PM",12.6655555555556,-0.984858223553614
2384,2012-07-22 15:20:06,"PM",11.6933333333333,-0.996778878456247
2385,2012-07-22 18:06:30,"PM",14.4672222222222,-0.798547971153422
2388,2012-07-24 15:00:55,"PM",11.3125,-0.983846005927077
2390,2012-07-26 16:44:57,"PM",12.9833333333333,-0.967045938913943
2391,2012-07-27 15:09:54,"PM",11.3669444444444,-0.98629760152984
2392,2012-07-28 14:37:52,"PM",10.8008333333333,-0.951123910711107
2393,2012-07-29 13:01:11,"PM",9.15694444444444,-0.73555538975489
2394,2012-07-30 02:32:20,"AM",-1.35694444444444,0.937560527195691
2406,2013-05-04 07:28:18,"AM",3.41055555555556,0.627170396186309
2409,2013-05-05 09:15:30,"AM",5.23611111111111,0.19865526040729
2410,2013-05-05 15:40:33,"PM",11.6536111111111,-0.995890986969824
2413,2013-05-07 02:57:36,"AM",-0.986944444444444,0.96680480950822
2414,2013-05-07 11:43:07,"AM",7.77166666666667,-0.447368896841307
2415,2013-05-08 02:21:20,"AM",-1.55416666666667,0.918360064844353
2416,2013-05-08 12:14:20,"PM",8.32916666666667,-0.57268253901015
2417,2013-05-09 02:46:10,"AM",-1.10388888888889,0.958530079486113
2418,2013-05-09 11:34:08,"AM",7.69555555555556,-0.429460599954326
2419,2013-05-10 02:47:11,"AM",-1.05083333333333,0.962395994429715
2420,2013-05-10 14:00:18,"PM",10.1677777777778,-0.887145112875653
2421,2013-05-11 02:54:23,"AM",-0.895277777777778,0.972657779891809
2422,2013-05-11 09:59:11,"AM",6.18472222222222,-0.0483413168640301
2423,2013-05-12 02:32:00,"AM",-1.23333333333333,0.948323655206199
2424,2013-05-13 02:29:50,"AM",-1.235,0.948185114662219
2425,2013-05-13 08:56:23,"AM",5.2075,0.205990702946648
2426,2013-05-13 15:04:59,"PM",11.3508333333333,-0.985592981933649
2428,2013-05-14 02:42:40,"AM",-0.9875,0.966767635977008
2429,2013-05-14 09:51:57,"AM",6.16722222222222,-0.043764692577235
2431,2013-05-15 02:50:38,"AM",-0.821388888888889,0.976968049813872
2432,2013-05-15 08:34:38,"AM",4.91194444444444,0.281015685411848
2433,2013-05-15 15:21:55,"PM",11.7,-0.996917333733128
2434,2013-05-16 03:03:59,"AM",-0.565833333333333,0.989048086835949
2435,2013-05-16 08:49:39,"AM",5.195,0.209191904541846
2436,2013-05-17 02:32:29,"AM",-1.05916666666667,0.96180105529077
2437,2013-05-17 08:23:50,"AM",4.79666666666667,0.309846829983759
2439,2013-05-18 03:09:22,"AM",-0.413055555555556,0.994158815278306
2440,2013-05-18 11:17:49,"AM",7.72777777777778,-0.437063440634724
2441,2013-05-19 02:42:20,"AM",-0.833055555555556,0.976311744471246
2442,2013-05-19 11:14:38,"AM",7.70527777777778,-0.431757804685504
2444,2013-05-20 03:06:21,"AM",-0.402777777777778,0.994445617155102
2449,2013-05-21 02:53:48,"AM",-0.5825,0.988394675120716
2450,2013-05-21 18:30:03,"PM",15.0216666666667,-0.703084491083621
2451,2013-05-22 06:09:03,"AM",2.7,0.760405965600031
2452,2013-05-22 15:43:56,"PM",12.2813888888889,-0.997287781136404
2453,2013-05-23 04:03:07,"AM",0.628888888888889,0.986476975459683
2454,2013-05-24 14:19:39,"PM",10.9316666666667,-0.961141334951794
2455,2013-05-24 16:43:30,"PM",13.3283333333333,-0.940139518909896
2456,2013-05-25 02:45:43,"AM",-0.607777777777778,0.987367758659212
2457,2013-05-26 17:02:36,"PM",13.6986111111111,-0.90274176293212
2458,2013-05-27 05:45:14,"AM",2.43388888888889,0.803770338647678
2460,2013-05-29 09:44:11,"AM",6.4625,-0.120786571217731
2462,2013-06-07 10:20:24,"AM",7.22638888888889,-0.315580031901691
2464,2013-06-07 18:53:30,"PM",15.7780555555556,-0.549448218229616
2465,2013-06-08 14:07:37,"PM",11.0258333333333,-0.967654154449577
2467,2013-06-20 10:13:25,"AM",7.18138888888889,-0.304379438309067
2468,2013-06-20 18:03:17,"PM",15.0125,-0.704788997513671
2469,2013-06-21 12:21:35,"PM",9.31444444444444,-0.762856440946428
2470,2013-06-22 12:55:57,"PM",9.88305555555556,-0.850313955390647
2471,2013-06-23 10:25:27,"AM",7.36972222222222,-0.350956553091191
2475,2013-07-12 01:57:50,"AM",-1.39305555555556,0.934230414570134
2477,2013-07-17 17:09:34,"PM",13.6705555555556,-0.90587704605457
2478,2013-07-18 15:34:21,"PM",12.0558333333333,-0.999893171621056
2480,2013-07-19 13:44:49,"PM",10.2019444444444,-0.891237514577937
2481,2013-07-20 15:16:54,"PM",11.7072222222222,-0.997063900011391
2482,2013-07-21 13:32:13,"PM",9.93305555555555,-0.857129843809831
2483,2013-07-21 17:13:01,"PM",13.6130555555556,-0.912149924204626
2484,2013-07-22 03:15:27,"AM",-0.376666666666667,0.995141863893438
2485,2013-07-22 16:45:19,"PM",13.1211111111111,-0.957235381089343
1943,2012-06-09 15:01:27,"PM",11.9372222222222,-0.999864945406967
1944,2012-06-10 08:22:59,"AM",5.30611111111111,0.180662198012326
1945,2012-06-10 16:20:53,"PM",13.2711111111111,-0.945139119888252
1947,2012-06-12 08:13:57,"AM",5.17166666666667,0.215161460386501
1950,2012-06-13 14:49:37,"PM",11.7725,-0.998226865523942
1954,2012-06-14 14:41:17,"PM",11.6388888888889,-0.995534547484574
1957,2012-06-15 11:37:21,"AM",8.5775,-0.624731731947975
1961,2012-06-16 12:15:45,"PM",9.22027777777778,-0.746686557227606
1962,2012-06-16 16:00:45,"PM",12.9702777777778,-0.967910501849221
1964,2012-06-17 05:41:52,"AM",2.65722222222222,0.767631424252358
1966,2012-06-17 16:24:16,"PM",13.3638888888889,-0.936926619541054
1968,2012-06-18 03:43:45,"AM",0.689444444444444,0.983754749141215
1969,2012-06-18 14:51:40,"PM",11.8211111111111,-0.998903535411833
1970,2012-06-19 03:40:32,"AM",0.634722222222222,0.986225523335934
1971,2012-06-20 03:04:52,"AM",0.0383333333333333,0.999949643355429
1972,2012-06-21 10:23:53,"AM",7.35222222222222,-0.346662816066842
1973,2012-06-22 12:10:32,"PM",9.12444444444444,-0.729764640508322
1974,2012-06-23 16:39:13,"PM",13.5980555555556,-0.913752390330875
1975,2012-06-24 13:43:42,"PM",10.6658333333333,-0.939617981203359
1976,2012-06-24 17:47:08,"PM",14.7230555555556,-0.756472114544124
1977,2012-06-25 15:34:51,"PM",12.5105555555556,-0.991080375169338
1978,2012-06-26 01:28:41,"AM",-1.60138888888889,0.913397503637953
1980,2012-06-26 14:09:19,"PM",11.0761111111111,-0.970890923643619
1981,2012-06-27 14:45:44,"PM",11.6725,-0.996326637397973
1982,2012-06-27 17:48:09,"PM",14.7130555555556,-0.758181756127056
1983,2012-06-28 02:01:16,"AM",-1.07972222222222,0.960313971943437
1984,2012-06-29 12:48:41,"PM",9.69833333333333,-0.823878968835407
1985,2012-06-30 01:59:51,"AM",-1.12916666666667,0.95662311499613
1986,2012-06-30 15:09:22,"PM",12.0291666666667,-0.999970847302645
1987,2012-07-01 02:16:01,"AM",-0.874166666666667,0.973926496455925
1989,2012-07-01 14:44:55,"PM",11.6075,-0.994725219297492
1990,2012-07-02 02:01:40,"AM",-1.12888888888889,0.95664429846307
1992,2012-07-03 12:46:47,"PM",9.60666666666667,-0.810041640445796
1995,2012-07-04 11:53:09,"AM",8.69444444444444,-0.648341396153476
1996,2012-07-05 12:20:02,"PM",9.12444444444444,-0.729764640508322
1997,2012-07-06 13:21:37,"PM",10.1311111111111,-0.882674315967603
1999,2012-07-07 15:23:07,"PM",12.1363888888889,-0.999362589669719
2000,2012-07-08 15:04:50,"PM",11.8102777777778,-0.998766740762958
2001,2012-07-08 17:34:59,"PM",14.3130555555556,-0.822185438031948
2006,2012-07-10 13:41:31,"PM",10.3766666666667,-0.91104381562056
2009,2012-07-11 11:37:04,"AM",8.27916666666667,-0.561902923486964
2010,2012-07-11 17:49:31,"PM",14.4866666666667,-0.795473480854896
2013,2012-07-12 14:38:39,"PM",11.2811111111111,-0.982341716184273
2016,2012-07-13 12:09:15,"PM",8.76611111111111,-0.662511110013598
2020,2012-07-14 11:18:21,"AM",7.89194444444444,-0.475304328388588
2023,2012-07-16 14:36:10,"PM",11.135,-0.974468125442821
2055,2013-05-01 04:21:54,"AM",0.186944444444444,0.998802582244838
2056,2013-05-02 03:18:26,"AM",-0.831388888888889,0.976406060148557
2057,2013-05-02 16:43:57,"PM",12.5941666666667,-0.987926089687606
2058,2013-05-03 13:32:54,"PM",9.44916666666667,-0.785181846845226
2059,2013-05-04 10:17:44,"AM",6.235,-0.0614840521749272
2060,2013-05-05 11:41:24,"AM",7.66777777777778,-0.422881878105529
2061,2013-05-06 12:28:48,"PM",8.49555555555555,-0.607837908601662
2062,2013-05-07 03:36:50,"AM",-0.333055555555556,0.996201033602024
2063,2013-05-07 14:06:55,"PM",10.1683333333333,-0.887212224575094
2068,2013-05-10 14:12:11,"PM",10.3658333333333,-0.909870777190911
2069,2013-05-11 03:21:49,"AM",-0.438333333333333,0.993422821829453
2071,2013-05-12 02:48:14,"AM",-0.962777777777778,0.968402052637656
2072,2013-05-12 15:37:04,"PM",11.8508333333333,-0.999237577623876
2073,2013-05-13 02:52:28,"AM",-0.858055555555556,0.974874714334368
2075,2013-05-14 02:48:07,"AM",-0.896666666666667,0.972573269631963
2076,2013-05-14 18:47:53,"PM",15.0994444444444,-0.688460069838358
2078,2013-05-15 10:48:30,"AM",7.14305555555556,-0.294804810595676
2079,2013-05-16 14:54:19,"PM",11.2727777777778,-0.98193119949303
2080,2013-05-17 14:53:11,"PM",11.2858333333333,-0.982572266987617
2081,2013-05-18 13:36:49,"PM",10.0444444444444,-0.871784413696762
2082,2013-05-19 03:26:30,"AM",-0.0969444444444444,0.999677945184325
2083,2013-05-19 19:35:31,"PM",16.0533333333333,-0.487859659138732
2084,2013-05-20 03:24:54,"AM",-0.0936111111111111,0.999699710379591
2091,2013-05-21 17:33:24,"PM",14.0775,-0.855703124815656
2092,2013-05-22 03:08:22,"AM",-0.311388888888889,0.996678968839245
2094,2013-05-22 18:49:01,"PM",15.3661111111111,-0.636190441795985
2095,2013-05-23 02:24:36,"AM",-1.01305555555556,0.965035558855678
2096,2013-05-23 17:59:29,"PM",14.5683333333333,-0.78233645911098
2097,2013-05-24 03:16:50,"AM",-0.115555555555556,0.999542431841749
2098,2013-05-24 18:24:29,"PM",15.0119444444444,-0.704892170577803
2099,2013-05-26 02:13:30,"AM",-1.11944444444444,0.957361525377187
2101,2013-05-27 14:37:00,"PM",11.2966666666667,-0.98309550269175
2102,2013-05-29 17:11:42,"PM",13.9211111111111,-0.876166506507802
2103,2013-05-30 14:31:37,"PM",11.2747222222222,-0.982027404824707
2104,2013-05-31 15:44:13,"PM",12.5058333333333,-0.991244370530467
2106,2013-06-01 10:38:51,"AM",7.43638888888889,-0.367245390005438
2107,2013-06-02 02:10:50,"AM",-1.01194444444444,0.965111765352261
2109,2013-06-03 15:12:30,"PM",12.0338888888889,-0.999960643264445
2110,2013-06-04 02:06:31,"AM",-1.04916666666667,0.962514432668106
2111,2013-06-05 16:27:29,"PM",13.3161111111111,-0.941225153295774
2112,2013-06-06 13:42:31,"PM",10.5813888888889,-0.931823247866722
2113,2013-06-07 14:00:41,"PM",10.8977777777778,-0.958654339184924
2114,2013-06-09 13:50:50,"PM",10.7572222222222,-0.947536205661231
2115,2013-06-10 02:53:19,"AM",-0.190833333333333,0.998752256273847
2118,2013-06-10 17:53:56,"PM",14.8191666666667,-0.739777905928878
2119,2013-06-11 13:00:05,"PM",9.93083333333333,-0.856830025502797
2122,2013-06-12 16:13:31,"PM",13.1625,-0.954044402406281
2124,2013-06-14 02:22:13,"AM",-0.68,0.984195607969242
2126,2013-06-15 01:44:35,"AM",-1.30305555555556,0.942374163200563
2127,2013-06-15 14:56:34,"PM",11.8966666666667,-0.999634100640382
2128,2013-06-16 01:50:09,"AM",-1.20694444444444,0.950493136086881
2129,2013-06-16 15:24:21,"PM",12.3630555555556,-0.995486364830658
2130,2013-06-17 02:15:43,"AM",-0.778888888888889,0.979281757625086
2131,2013-06-17 16:08:50,"PM",13.1063888888889,-0.95834334777543
2132,2013-06-18 15:11:46,"PM",12.1558333333333,-0.999167914907963
2133,2013-06-19 13:51:11,"PM",10.8125,-0.952062677713924
2134,2013-06-19 19:22:21,"PM",16.3316666666667,-0.423013672870882
2136,2013-06-20 02:54:21,"AM",-0.136388888888889,0.999362589669719
2137,2013-06-20 12:29:17,"PM",9.44583333333333,-0.784641137048617
2138,2013-06-21 15:05:03,"PM",12.0391666666667,-0.999947430157455
2139,2013-06-22 14:46:03,"PM",11.7180555555556,-0.997277065781911
2140,2013-06-23 14:32:25,"PM",11.4858333333333,-0.99095394488032
2142,2013-06-24 12:56:33,"PM",9.88138888888889,-0.850084243333704
2144,2013-06-25 12:09:31,"PM",9.09,-0.723569779188449
2145,2013-06-25 18:28:43,"PM",15.41,-0.627283673358802
2146,2013-06-26 02:50:33,"AM",-0.234722222222222,0.998112534564064
2149,2013-06-27 14:11:38,"PM",11.1066666666667,-0.972775878209397
2151,2013-06-28 13:13:29,"PM",10.1263888888889,-0.882092610734538
2152,2013-06-29 12:48:23,"PM",9.69611111111111,-0.823549098464849
2154,2013-06-30 15:38:58,"PM",12.5261111111111,-0.99052944326052
2155,2013-07-01 10:52:57,"AM",7.74444444444444,-0.44098377434459
2158,2013-07-02 13:28:12,"PM",10.3169444444444,-0.904486164016892
2159,2013-07-03 14:22:58,"PM",11.2133333333333,-0.978867388761685
2160,2013-07-04 04:27:04,"AM",1.26444444444444,0.945707823451229
2161,2013-07-04 13:50:00,"PM",10.6466666666667,-0.937888934611898
2164,2013-07-05 15:33:07,"PM",12.3469444444444,-0.995877804995385
2165,2013-07-06 13:51:50,"PM",10.6397222222222,-0.937256638138898
2166,2013-07-07 15:30:09,"PM",12.2583333333333,-0.997713861131257
2167,2013-07-08 13:46:41,"PM",10.5125,-0.925126911876195
2171,2013-07-10 15:12:47,"PM",11.9033333333333,-0.999679788028193
2172,2013-07-11 13:31:28,"PM",10.1913888888889,-0.889980792154342
2175,2013-07-13 13:05:33,"PM",9.71,-0.825606210754552
2180,2013-07-14 18:03:43,"PM",14.6541666666667,-0.768143855037964
2183,2013-07-15 16:25:21,"PM",12.9883333333333,-0.966711837334827
2186,2013-07-16 14:18:37,"PM",10.8491666666667,-0.954955226394255
2188,2013-07-16 20:06:37,"PM",16.6497222222222,-0.346185283361486
2189,2013-07-17 13:10:52,"PM",9.6925,-0.823012464658881
2192,2013-07-17 20:10:17,"PM",16.6830555555556,-0.337985161361011
2201,2013-07-26 17:05:57,"PM",13.3408333333333,-0.939019254831806
2202,2013-07-27 16:21:10,"PM",12.5627777777778,-0.989165836807944
1353,2011-05-22 02:08:25,"AM",-1.32444444444444,0.940485992667762
1354,2011-05-23 02:39:45,"AM",-0.774444444444444,0.97951671696004
1355,2011-05-23 18:31:43,"PM",15.0916666666667,-0.689935457662039
1356,2011-05-24 01:25:35,"AM",-1.98333333333333,0.868198814489142
1357,2011-05-25 01:41:03,"AM",-1.69833333333333,0.902773044326793
1360,2011-05-25 18:13:50,"PM",14.8475,-0.734766626172795
1361,2011-05-26 02:20:28,"AM",-1.01611111111111,0.964825569963527
1363,2011-05-29 02:43:31,"AM",-0.559722222222222,0.989282953804721
1364,2011-05-30 01:18:27,"AM",-1.955,0.871855656046944
1365,2011-05-30 08:18:17,"AM",5.04222222222222,0.248126346269012
1367,2011-05-31 00:52:56,"AM",21.6197222222222,0.812041088430079
1368,2011-06-01 00:34:31,"AM",21.3338888888889,0.766137924684369
1372,2011-06-03 14:51:50,"PM",11.6805555555556,-0.996505019158539
1373,2011-06-04 13:06:30,"PM",9.94277777777778,-0.858438136534277
1375,2011-06-05 01:30:44,"AM",-1.6375,0.909508369425101
1376,2011-06-05 11:53:25,"AM",8.74,-0.657375245794096
1378,2011-06-07 00:39:05,"AM",21.5172222222222,0.796090030556952
1381,2011-06-08 00:56:19,"AM",21.8186111111111,0.841314289396705
1384,2011-06-09 00:54:22,"AM",21.7994444444444,0.838591344538457
1386,2011-06-14 00:55:53,"AM",21.8727777777778,0.848894820409555
1387,2011-06-14 14:34:21,"PM",11.5197222222222,-0.992105584201139
1388,2011-06-14 18:45:12,"PM",15.7008333333333,-0.566226427003748
1390,2011-06-16 12:30:04,"PM",9.45694444444444,-0.786441176964831
1392,2011-06-16 18:32:26,"PM",15.4966666666667,-0.609453528517681
1393,2011-06-18 01:01:41,"AM",21.9866666666667,0.864274801953705
1394,2011-06-19 02:37:21,"AM",-0.417222222222222,0.994040493663143
1395,2011-06-20 01:32:25,"AM",-1.50055555555556,0.923823863690552
1396,2011-06-21 00:50:01,"AM",21.7927777777778,0.837639280449579
1398,2011-06-21 16:35:18,"PM",13.5452777777778,-0.919278519812023
1399,2011-06-22 01:07:34,"AM",22.0830555555556,0.876691774898911
1400,2011-06-22 11:31:49,"AM",8.48388888888889,-0.605409755438601
1401,2011-06-23 01:39:36,"AM",-1.39111111111111,0.934411857967299
1402,2011-06-24 01:04:25,"AM",22.0225,0.868955605308156
1403,2011-06-24 14:14:43,"PM",11.1883333333333,-0.977508009077307
1411,2011-07-04 01:21:48,"AM",-1.81388888888889,0.889349881685587
1412,2011-07-04 16:33:33,"PM",13.3816666666667,-0.935289709290919
1413,2011-07-04 19:25:35,"PM",16.2488888888889,-0.442549561208169
1414,2011-07-05 09:34:54,"AM",6.38666666666667,-0.101056297182946
1416,2011-07-05 18:20:44,"PM",15.1505555555556,-0.678693935473971
1419,2011-07-07 13:42:28,"PM",10.4741666666667,-0.921270277319064
1420,2011-07-07 17:28:43,"PM",14.245,-0.832196139479023
1424,2011-07-08 18:53:16,"PM",15.6336111111111,-0.580643750024273
1425,2011-07-09 17:25:28,"PM",14.1488888888889,-0.845883008091406
1426,2011-07-09 19:37:14,"PM",16.345,-0.419848135151627
1427,2011-07-10 14:14:56,"PM",10.9511111111111,-0.962534154559223
1428,2011-07-10 17:47:54,"PM",14.5005555555556,-0.793264791139459
1429,2011-07-11 14:24:56,"PM",11.095,-0.972063508153557
1431,2011-07-12 14:44:57,"PM",11.4047222222222,-0.987880981767156
1436,2011-07-16 00:56:16,"AM",21.5180555555556,0.796222041013969
1437,2011-07-16 17:25:08,"PM",13.9719444444444,-0.869674474353192
1439,2011-07-18 02:07:47,"AM",-1.37166666666667,0.936212966508098
1440,2011-07-18 13:06:28,"PM",9.60611111111111,-0.80995634747606
1441,2011-07-19 01:32:35,"AM",-1.98694444444444,0.867729310108054
1445,2011-07-20 09:40:29,"AM",6.11555555555556,-0.0302477593861608
1450,2011-07-25 14:07:10,"PM",10.4091666666667,-0.914518923945135
1451,2011-07-26 18:05:17,"PM",14.3463888888889,-0.817186815515324
1452,2011-07-27 13:11:25,"PM",9.41694444444444,-0.77992999947003
1455,2011-07-30 15:57:27,"PM",12.0869444444444,-0.999740956809676
1521,2012-05-01 12:36:26,"PM",8.43888888888889,-0.595991319606598
1522,2012-05-02 11:13:51,"AM",7.10194444444444,-0.284503399254935
1524,2012-05-03 03:10:10,"AM",-0.920277777777778,0.971116930699186
1526,2012-05-03 13:53:18,"PM",9.79861111111111,-0.838472476166874
1527,2012-05-04 09:17:49,"AM",5.24583333333333,0.19616007650871
1528,2012-05-04 16:32:14,"PM",12.4861111111111,-0.991912912896894
1529,2012-05-04 18:23:11,"PM",14.3352777777778,-0.81885995657689
1530,2012-05-05 03:41:26,"AM",-0.322222222222222,0.996444008817972
1531,2012-05-05 14:39:36,"PM",10.6472222222222,-0.937939384436779
1532,2012-05-06 03:37:02,"AM",-0.357777777777778,0.995616546116517
1533,2012-05-06 09:54:14,"AM",5.92888888888889,0.0186157699806928
1534,2012-05-06 14:23:39,"PM",10.4191666666667,-0.915574880147556
1535,2012-05-07 06:20:11,"AM",2.39888888888889,0.809187939943785
1536,2012-05-08 08:02:20,"AM",4.13805555555556,0.468379638364113
1537,2012-05-08 13:41:56,"PM",9.79805555555556,-0.838393208414173
1538,2012-05-08 18:37:27,"PM",14.7233333333333,-0.756424550434799
1539,2012-05-09 03:13:51,"AM",-0.633611111111111,0.986273596328655
1540,2012-05-09 10:15:52,"AM",6.4,-0.104528463267653
1541,2012-05-10 02:51:22,"AM",-0.972222222222222,0.967782453543201
1543,2012-05-10 13:33:26,"PM",9.72861111111111,-0.82834562304737
1544,2012-05-10 19:04:22,"PM",15.2441666666667,-0.660493227789525
1545,2012-05-11 03:07:19,"AM",-0.671111111111111,0.984605037584967
1546,2012-05-11 11:55:05,"AM",8.125,-0.528067850650368
1547,2012-05-11 18:56:32,"PM",15.1491666666667,-0.678960933696925
1548,2012-05-12 02:52:02,"AM",-0.891111111111111,0.972910539042104
1549,2012-05-12 09:55:58,"AM",6.17444444444444,-0.0456535749654954
1550,2012-05-13 03:14:54,"AM",-0.475833333333333,0.992250828372171
1551,2012-05-13 10:49:23,"AM",7.09888888888889,-0.283736423336633
1552,2012-05-14 03:40:00,"AM",-0.0236111111111111,0.999980895365884
1553,2012-05-14 15:49:52,"PM",12.1408333333333,-0.999320375579378
1556,2012-05-15 07:37:24,"AM",3.96638888888889,0.507601021059345
1557,2012-05-15 13:02:55,"PM",9.39138888888889,-0.775725258256722
1558,2012-05-16 03:09:40,"AM",-0.463611111111111,0.992643322538005
1559,2012-05-16 12:01:48,"PM",8.40527777777778,-0.588902524997844
1560,2012-05-17 03:20:41,"AM",-0.248055555555556,0.997892087694841
1561,2012-05-17 12:06:05,"PM",8.50861111111111,-0.610548403329881
1562,2012-05-18 03:05:50,"AM",-0.464444444444444,0.992616884376845
1563,2012-05-19 14:05:21,"PM",10.5580555555556,-0.929588970016438
1564,2012-05-20 14:51:36,"PM",11.3586111111111,-0.985935333063888
1565,2012-05-21 18:50:36,"PM",15.3711111111111,-0.635179963930201
1566,2012-05-22 02:34:21,"AM",-0.871388888888889,0.974091218915205
1567,2012-05-22 15:22:51,"PM",11.9366666666667,-0.999862544538437
1568,2012-05-23 08:03:01,"AM",4.63388888888889,0.350071144108188
1569,2012-05-24 08:11:50,"AM",4.8075,0.307149004793268
1570,2012-05-25 07:03:39,"AM",3.6975,0.566945504900231
1571,2012-05-26 14:38:58,"PM",11.3108333333333,-0.983767801433213
1572,2012-05-27 07:33:12,"AM",4.23916666666667,0.444830582593907
1573,2012-05-28 19:20:57,"PM",16.0583333333333,-0.486716589170808
1574,2012-05-29 18:45:26,"PM",15.4888888888889,-0.6110666215296
1575,2012-05-30 09:50:24,"AM",6.59305555555556,-0.154638539421542
1576,2012-05-31 08:39:16,"AM",5.42833333333333,0.149103902863956
1577,2012-06-01 01:37:55,"AM",-1.57472222222222,0.916217097972028
1578,2012-06-01 12:17:12,"PM",9.08,-0.721760228098362
1579,2012-06-03 08:39:44,"AM",5.49194444444444,0.132616797647344
1580,2012-06-04 12:37:52,"PM",9.47722222222222,-0.789709084891081
1581,2012-06-05 12:04:31,"PM",8.9375,-0.695442635009612
1582,2012-06-06 00:45:28,"AM",21.6194444444444,0.811998645673876
1583,2012-06-06 13:51:26,"PM",10.7336111111111,-0.945542249083422
1584,2012-06-06 17:37:59,"PM",14.5091666666667,-0.7918901346119
1585,2012-06-07 07:20:33,"AM",4.23194444444444,0.446523190922842
1586,2012-06-08 13:56:43,"PM",10.8469444444444,-0.954782422689259
1588,2012-06-09 01:43:20,"AM",-1.365,0.936824906875661
1590,2012-06-09 15:53:48,"PM",12.81,-0.977599937764791
1591,2012-06-10 13:57:57,"PM",10.8891666666667,-0.958010366701959
1592,2012-06-12 00:21:30,"AM",21.29,0.758703110658978
1593,2012-06-13 12:10:37,"PM",9.1225,-0.729416506289053
1594,2012-06-14 01:04:23,"AM",22.0186111111111,0.868451303164563
1595,2012-06-14 14:24:07,"PM",11.3527777777778,-0.98567895287626
1596,2012-06-15 00:57:32,"AM",21.9097222222222,0.853967301919733
1598,2012-06-16 07:15:33,"AM",4.21694444444444,0.450033500586014
1599,2012-06-16 19:17:04,"PM",16.2422222222222,-0.444113999989036
1600,2012-06-18 01:01:24,"AM",21.9827777777778,0.863762225112993
1601,2012-06-18 16:22:23,"PM",13.3330555555556,-0.939717490707811
1602,2012-06-18 22:52:20,"PM",19.8322222222222,0.461490572710693
1603,2012-06-19 18:29:39,"PM",15.4533333333333,-0.618408395357554
1604,2012-06-20 00:34:15,"AM",21.53,0.798110023334011
1605,2012-06-20 18:24:50,"PM",15.3711111111111,-0.635179963930201
1607,2012-06-22 10:32:28,"AM",7.49083333333333,-0.380465180810275
1608,2012-06-22 16:21:21,"PM",13.3055555555556,-0.942154991835597
1609,2012-06-23 03:26:08,"AM",0.379722222222222,0.995062790066068
1611,2012-06-23 17:05:02,"PM",14.0280555555556,-0.86232961312484
1612,2012-06-24 16:25:52,"PM",13.3686111111111,-0.936493793297052
1613,2012-06-24 19:46:38,"PM",16.7147222222222,-0.330171195161553
1616,2012-06-28 11:36:38,"AM",8.50972222222222,-0.610778754831786
1618,2012-06-29 10:24:45,"AM",7.29944444444444,-0.333669754056202
1623,2012-07-01 00:34:00,"AM",21.44,0.78369345732584
1624,2012-07-01 14:21:26,"PM",11.2158333333333,-0.979001021447232
1625,2012-07-02 01:26:37,"AM",-1.71333333333333,0.901077021322092
1627,2012-07-02 15:07:52,"PM",11.9744444444444,-0.999977619164725
1628,2012-07-02 18:23:19,"PM",15.2319444444444,-0.662892332391424
1629,2012-07-03 01:34:58,"AM",-1.59027777777778,0.914577752684144
1631,2012-07-04 01:16:28,"AM",-1.91666666666667,0.876726755707508
1632,2012-07-04 12:35:17,"PM",9.39722222222222,-0.776688101297546
1634,2012-07-07 15:47:16,"PM",12.5386111111111,-0.990074825402413
1635,2012-07-08 15:21:07,"PM",12.0816666666667,-0.999771450448563
1636,2012-07-09 00:57:02,"AM",21.6802777777778,0.821190710424186
1638,2012-07-10 14:09:52,"PM",10.8491666666667,-0.954955226394255
1639,2012-07-11 11:15:58,"AM",7.92722222222222,-0.483409709296883
1640,2012-07-12 15:03:29,"PM",11.6947222222222,-0.996807973714124
1643,2012-07-14 15:36:42,"PM",12.1977777777778,-0.998659813578008
1645,2012-07-15 16:16:13,"PM",12.83,-0.976484514544769
1646,2012-07-16 15:52:01,"PM",12.3994444444444,-0.994537087897885
1648,2012-07-17 14:05:15,"PM",10.5922222222222,-0.932848776528952
1649,2012-07-18 13:17:04,"PM",9.76111111111111,-0.833082180545069
1650,2012-07-19 13:24:58,"PM",9.86388888888889,-0.847662503781642
1652,2012-07-20 16:39:03,"PM",13.0697222222222,-0.961040894346412
1653,2012-07-20 19:37:56,"PM",16.0508333333333,-0.488430880769718
1655,2012-07-21 14:44:12,"PM",11.1258333333333,-0.973926496455925
1656,2012-07-22 16:03:01,"PM",12.4091666666667,-0.994268181494725
1658,2012-07-24 15:45:55,"PM",12.0625,-0.999866137909562
1659,2012-07-25 17:13:01,"PM",13.4827777777778,-0.925595566436944
499,2011-05-29 02:19:57,"AM",-0.953055555555556,0.969033691119624
500,2011-05-30 02:17:01,"AM",-0.979166666666667,0.967323091151623
505,2011-06-08 07:40:58,"AM",4.57527777777778,0.364402779054395
506,2011-06-09 03:19:38,"AM",0.231666666666667,0.998161340856094
507,2011-06-10 01:30:03,"AM",-1.58388888888889,0.91525289230683
508,2011-06-10 07:32:53,"AM",4.4625,0.391735010851956
509,2011-06-11 07:08:42,"AM",4.07,0.484046186061783
510,2011-06-13 10:44:59,"AM",7.69027777777778,-0.428212379881478
511,2011-06-14 02:36:40,"AM",-0.441944444444444,0.993314127635254
513,2011-06-14 16:19:19,"PM",13.2688888888889,-0.945329007723604
517,2011-06-20 11:02:08,"AM",7.99416666666667,-0.498676855420998
518,2011-06-20 18:41:55,"PM",15.6575,-0.575540606585932
520,2011-06-21 11:22:40,"AM",8.33416666666667,-0.573755133952612
540,2011-07-10 23:23:50,"PM",20.0988888888889,0.522250519643546
541,2011-07-11 08:07:06,"AM",4.7975,0.309639393178296
542,2011-07-11 18:53:01,"PM",15.5627777777778,-0.595640892017303
543,2011-07-12 10:59:24,"AM",7.64527777777778,-0.417536703289348
546,2011-07-15 13:13:41,"PM",9.80777777777778,-0.839777832052308
604,2012-05-01 12:57:00,"PM",8.78111111111111,-0.665447514750115
605,2012-05-01 20:07:05,"PM",15.9494444444444,-0.511418076264447
612,2012-05-03 00:30:51,"AM",20.3844444444444,0.584485718217498
618,2012-05-05 05:12:56,"AM",1.20194444444444,0.950899086625398
621,2012-05-06 03:28:07,"AM",-0.507222222222222,0.991196293855306
626,2012-05-06 15:46:15,"PM",11.7947222222222,-0.998556267927598
627,2012-05-07 03:18:47,"AM",-0.625555555555556,0.986619629463014
640,2012-05-08 10:38:30,"AM",6.74083333333333,-0.19273604679143
642,2012-05-09 03:05:57,"AM",-0.766111111111111,0.979953691146724
643,2012-05-09 08:18:45,"AM",4.44805555555556,0.395211519894029
648,2012-05-12 03:14:14,"AM",-0.521388888888889,0.990698427403254
653,2012-05-13 13:32:19,"PM",9.81416666666667,-0.840684765888926
657,2012-05-14 06:09:23,"AM",2.46583333333333,0.79876678671066
662,2012-05-15 09:05:48,"AM",5.43916666666667,0.146298850826795
666,2012-05-16 09:07:30,"AM",5.49972222222222,0.130598291779773
673,2012-05-17 15:22:57,"PM",11.7886111111111,-0.998469050995397
678,2012-05-19 01:20:35,"AM",-2.18861111111111,0.840290735667827
686,2012-05-19 11:34:39,"AM",8.04583333333333,-0.510355315097821
689,2012-05-20 10:26:31,"AM",6.94055555555556,-0.243756071375391
694,2012-05-21 03:26:56,"AM",-0.0241666666666667,0.999979985750353
697,2012-05-22 15:32:47,"PM",12.1025,-0.999639978093457
698,2012-05-23 05:11:10,"AM",1.76944444444444,0.894609640781342
704,2012-05-27 01:16:44,"AM",-2.03527777777778,0.861370684193816
706,2012-05-27 13:59:17,"PM",10.6730555555556,-0.940263371424678
707,2012-05-28 02:19:39,"AM",-0.963333333333333,0.968365769479699
709,2012-05-28 15:18:19,"PM",12.0141666666667,-0.999993122317703
713,2012-05-31 04:34:50,"AM",1.35361111111111,0.937863702259356
734,2012-06-22 11:05:06,"AM",8.03388888888889,-0.50766367647354
740,2012-06-29 16:21:52,"PM",13.2502777777778,-0.946906751253644
750,2012-07-07 01:36:25,"AM",-1.64277777777778,0.90893314071424
753,2012-07-07 15:48:05,"PM",12.5522222222222,-0.989567738720264
756,2012-07-08 15:23:20,"PM",12.1186111111111,-0.999517915566191
758,2012-07-09 02:00:24,"AM",-1.28555555555556,0.943897054391201
771,2012-07-14 01:21:59,"AM",-2.0475,0.859740867948661
772,2012-07-14 18:48:06,"PM",15.3875,-0.631860220964409
774,2012-07-15 02:15:18,"AM",-1.18555555555556,0.952218275617877
777,2012-07-16 14:07:16,"PM",10.6536111111111,-0.938518131071565
880,2013-05-01 11:13:21,"AM",7.04444444444444,-0.270040328858001
885,2013-05-03 10:22:11,"AM",6.27,-0.0706269859311664
892,2013-05-05 06:19:42,"AM",2.30611111111111,0.823218949352743
893,2013-05-06 05:52:46,"AM",1.89416666666667,0.879544786827725
894,2013-05-07 01:27:44,"AM",-2.48555555555556,0.795649722077764
911,2013-05-10 11:07:55,"AM",7.29388888888889,-0.332298314544625
915,2013-05-11 05:40:10,"AM",1.86666666666667,0.882947592858927
921,2013-05-12 05:34:35,"AM",1.80861111111111,0.889980792154342
923,2013-05-13 05:27:00,"AM",1.71666666666667,0.900698239322588
926,2013-05-14 03:17:24,"AM",-0.408888888888889,0.994275953932284
928,2013-05-14 13:27:38,"PM",9.76111111111111,-0.833082180545069
930,2013-05-15 03:35:25,"AM",-0.0758333333333333,0.999802933281228
937,2013-05-16 09:24:31,"AM",5.775,0.0588708036511892
940,2013-05-17 06:58:46,"AM",3.37777777777778,0.63383096739871
949,2013-05-18 08:14:09,"AM",4.66555555555556,0.342293474354791
954,2013-05-19 03:45:37,"AM",0.221111111111111,0.998325029679758
957,2013-05-20 02:34:14,"AM",-0.938888888888889,0.969942838984809
962,2013-05-21 01:23:50,"AM",-2.0825,0.855025029094482
972,2013-05-21 13:14:07,"PM",9.755,-0.832196139479023
978,2013-05-22 15:47:17,"PM",12.3363888888889,-0.996124659773482
983,2013-05-24 20:05:39,"PM",16.6972222222222,-0.334492279143421
986,2013-05-26 02:39:23,"AM",-0.688611111111111,0.983793890409182
991,2013-05-27 15:42:36,"PM",12.3888888888889,-0.994821748296033
996,2013-05-31 07:44:30,"AM",4.50944444444444,0.3803979267962
1019,2013-06-02 09:31:27,"AM",6.33083333333333,-0.0865037162216096
1022,2013-06-02 13:27:37,"PM",10.2669444444444,-0.898825923171909
1028,2013-06-03 15:12:48,"PM",12.0377777777778,-0.999951092379599
1038,2013-06-06 01:33:30,"AM",-1.56972222222222,0.916740804645556
1047,2013-06-06 15:35:40,"PM",12.4661111111111,-0.992563866320602
1049,2013-06-07 10:35:23,"AM",7.475,-0.37662850169321
1055,2013-06-08 02:24:12,"AM",-0.698888888888889,0.983307876129249
1060,2013-06-08 21:45:47,"PM",18.6616666666667,0.17235891893017
1069,2013-06-11 16:05:48,"PM",13.0255555555556,-0.964172610587413
1087,2013-06-23 15:24:52,"PM",12.3591666666667,-0.99558247215931
1100,2013-07-07 16:46:31,"PM",13.5302777777778,-0.920817121364455
1140,2013-07-23 15:25:00,"PM",11.7513888888889,-0.997882638522286
1146,2013-07-24 12:50:26,"PM",9.14416666666667,-0.73328501408759
1148,2013-07-25 08:41:43,"AM",4.96777777777778,0.266958056039546
1152,2013-07-25 15:56:10,"PM",12.2086111111111,-0.998509011893018
1180,2013-07-31 16:11:00,"PM",12.2613888888889,-0.997659481825444
2,2011-05-22 04:36:46,"AM",1.14722222222222,0.955235343026039
3,2011-05-22 15:13:13,"PM",11.755,-0.997943680808085
5,2011-05-23 01:42:55,"AM",-1.72222222222222,0.900065411864121
7,2011-05-23 16:16:28,"PM",12.8372222222222,-0.976075142109945
8,2011-05-24 01:19:11,"AM",-2.09027777777778,0.853967301919734
9,2011-05-24 13:08:32,"PM",9.73222222222222,-0.828874874860446
10,2011-05-25 01:05:51,"AM",21.6875,0.822268218989775
12,2011-05-25 11:07:29,"AM",7.74111111111111,-0.440200376872141
13,2011-05-26 01:09:59,"AM",21.7830555555556,0.836246280627607
14,2011-05-26 18:13:28,"PM",14.8666666666667,-0.731353701619171
18,2011-05-31 18:50:24,"PM",15.5980555555556,-0.588197009748906
23,2011-06-06 16:25:52,"PM",13.2958333333333,-0.943005056987367
24,2011-06-06 22:01:24,"PM",18.8888888888889,0.23061587074244
25,2011-06-07 17:21:25,"PM",14.2363888888889,-0.833444037416493
26,2011-06-08 02:04:30,"AM",-1.0325,0.963688732644834
28,2011-06-09 05:56:19,"AM",2.84305555555556,0.73555538975489
29,2011-06-10 06:33:35,"AM",3.475,0.613940838750367
30,2011-06-11 03:14:21,"AM",0.164166666666667,0.999076556421831
31,2011-06-11 07:52:16,"AM",4.79611111111111,0.309985112994891
33,2011-06-11 17:09:14,"PM",14.0788888888889,-0.855514911918449
34,2011-06-12 01:27:42,"AM",-1.605,0.913012258106264
35,2011-06-12 07:38:43,"AM",4.57861111111111,0.363589978942629
36,2011-06-12 12:09:44,"PM",9.09555555555556,-0.724572943249335
37,2011-06-12 17:11:00,"PM",14.1166666666667,-0.850352224995563
38,2011-06-13 06:01:24,"AM",2.96416666666667,0.713709040395254
39,2011-06-13 10:50:32,"AM",7.78305555555556,-0.450033500586014
40,2011-06-13 19:14:12,"PM",16.1775,-0.459231054826085
41,2011-06-14 02:03:20,"AM",-0.9975,0.966095016059902
42,2011-06-14 07:03:59,"AM",4.01333333333333,0.496973961027555
43,2011-06-14 14:58:10,"PM",11.9163888888889,-0.999760438013084
44,2011-06-15 16:49:02,"PM",13.7691666666667,-0.894642134156377
50,2011-06-20 18:18:25,"PM",15.2655555555556,-0.656278537348736
53,2011-06-23 13:56:04,"PM",10.8827777777778,-0.957529434228645
54,2011-06-24 00:17:53,"AM",21.2466666666667,0.751264133503511
55,2011-06-24 12:11:10,"PM",9.12861111111111,-0.730510005497035
56,2011-06-25 00:42:16,"AM",21.6469444444444,0.816179610914358
61,2011-07-02 10:45:10,"AM",7.60777777777778,-0.408595975800629
63,2011-07-04 09:23:02,"AM",6.20611111111111,-0.053933581141637
64,2011-07-04 14:55:32,"PM",11.7477777777778,-0.997820704372988
65,2011-07-04 16:58:15,"PM",13.7930555555556,-0.891830429227583
67,2011-07-10 14:52:53,"PM",11.5833333333333,-0.99405633822232
68,2011-07-10 17:47:39,"PM",14.4961111111111,-0.793972714336388
69,2011-07-11 13:20:22,"PM",10.0183333333333,-0.868415247130669
71,2011-07-12 14:29:29,"PM",11.1466666666667,-0.975149354305563
73,2011-07-13 09:50:11,"AM",6.46694444444444,-0.121941523075848
75,2011-07-15 12:39:01,"PM",9.22972222222222,-0.748328954024249
76,2011-07-15 16:49:02,"PM",13.3966666666667,-0.933892806009114
79,2011-07-19 02:40:10,"AM",-0.861111111111111,0.974696212125635
81,2011-07-24 17:26:02,"PM",13.7547222222222,-0.896325265892407
83,2011-07-30 11:05:04,"AM",7.21333333333333,-0.312334918512232
155,2012-05-01 02:54:03,"AM",-1.26777777777778,0.945423831660428
156,2012-05-01 11:51:05,"AM",7.68277777777778,-0.426437187721567
157,2012-05-02 02:57:26,"AM",-1.17194444444444,0.953300549573545
158,2012-05-02 09:35:06,"AM",5.45583333333333,0.141981096174635
159,2012-05-02 12:42:04,"PM",8.57194444444444,-0.62359538661051
160,2012-05-03 02:56:04,"AM",-1.15583333333333,0.954565963622145
161,2012-05-03 09:40:04,"AM",5.57722222222222,0.110457110815397
162,2012-05-03 14:09:30,"PM",10.0680555555556,-0.874795931070189
163,2012-05-04 02:54:36,"AM",-1.14166666666667,0.955664624522429
164,2012-05-04 09:27:37,"AM",5.40888888888889,0.154135588398785
165,2012-05-04 13:16:15,"PM",9.21916666666667,-0.746493033768209
166,2012-05-05 03:23:32,"AM",-0.621111111111111,0.986808666009569
167,2012-05-05 14:09:34,"PM",10.1461111111111,-0.884513132671938
168,2012-05-06 02:44:51,"AM",-1.22805555555556,0.948761175691773
169,2012-05-06 09:36:34,"AM",5.63388888888889,0.0957009769984469
170,2012-05-07 02:51:05,"AM",-1.08666666666667,0.959805291975187
171,2012-05-07 07:54:28,"AM",3.96972222222222,0.506848946796971
172,2012-05-07 14:04:09,"PM",10.1311111111111,-0.882674315967603
173,2012-05-08 03:42:02,"AM",-0.200555555555556,0.998621912235822
174,2012-05-08 13:01:02,"PM",9.11611111111111,-0.728271306352444
175,2012-05-09 03:03:04,"AM",-0.813611111111111,0.977400523728707
176,2012-05-09 17:01:04,"PM",13.1530555555556,-0.954782422689259
177,2012-05-10 03:15:56,"AM",-0.563333333333333,0.989144474800726
178,2012-05-10 14:34:08,"PM",10.7397222222222,-0.946061800386498
179,2012-05-10 19:22:14,"PM",15.5416666666667,-0.600071239924481
180,2012-05-11 18:59:03,"PM",15.1905555555556,-0.67096602169193
181,2012-05-12 01:41:50,"AM",-2.06138888888889,0.857878120135731
182,2012-05-12 11:44:14,"AM",7.97861111111111,-0.495142792354941
184,2012-05-13 04:18:16,"AM",0.58,0.988493886808684
185,2012-05-14 02:49:20,"AM",-0.868611111111111,0.974255426226672
186,2012-05-14 18:20:56,"PM",14.6577777777778,-0.767538202233989
187,2012-05-15 02:28:34,"AM",-1.18138888888889,0.952550868738598
188,2012-05-15 13:19:26,"PM",9.66638888888889,-0.819110330467461
189,2012-05-16 02:40:58,"AM",-0.942222222222222,0.969730121690698
190,2012-05-16 12:10:52,"PM",8.55611111111111,-0.62034957334144
191,2012-05-17 05:09:28,"AM",1.56444444444444,0.917291901980957
192,2012-05-17 15:18:33,"PM",11.7155555555556,-0.997228585622194
194,2012-05-18 12:07:20,"PM",8.56027777777778,-0.621204770432277
195,2012-05-19 02:13:46,"AM",-1.30194444444444,0.942471443124369
196,2012-05-19 18:17:19,"PM",14.7572222222222,-0.750591790799761
197,2012-05-20 02:38:34,"AM",-0.858888888888889,0.974826093776465
198,2012-05-20 14:05:11,"PM",10.5844444444444,-0.932113258801655
199,2012-05-21 02:54:02,"AM",-0.572222222222222,0.988799837282299
200,2012-05-21 13:56:42,"PM",10.4722222222222,-0.921072175025023
201,2012-05-22 02:19:31,"AM",-1.11888888888889,0.957403532970293
202,2012-05-23 02:25:29,"AM",-0.991944444444444,0.966469511557796
203,2012-05-23 12:55:32,"PM",9.50888888888889,-0.794767843015201
204,2012-05-24 02:21:11,"AM",-1.03694444444444,0.963377379020414
205,2012-05-24 10:42:45,"AM",7.3225,-0.339353652672305
206,2012-05-25 02:17:14,"AM",-1.07666666666667,0.960536785662542
207,2012-05-25 11:29:40,"AM",8.13,-0.529179000974191
208,2012-05-26 11:51:33,"AM",8.52027777777778,-0.612964513726277
209,2012-05-27 02:27:27,"AM",-0.857222222222222,0.974923288491674
210,2012-05-27 10:01:17,"AM",6.70694444444444,-0.184022831201981
211,2012-05-28 02:30:46,"AM",-0.778333333333333,0.979311200053487
212,2012-05-28 10:08:04,"AM",6.84333333333333,-0.218994806261726
213,2012-05-29 02:29:58,"AM",-0.769166666666667,0.979794008737896
214,2012-05-29 14:32:00,"PM",11.2647222222222,-0.981529924112212
215,2012-05-30 02:26:36,"AM",-0.803888888888889,0.977935417115667
216,2012-05-30 14:32:37,"PM",11.2963888888889,-0.98308218515659
217,2012-05-31 02:25:40,"AM",-0.798611111111111,0.978223134894637
218,2012-05-31 12:12:36,"PM",8.98333333333333,-0.704014724455968
220,2012-06-01 12:38:31,"PM",9.43527777777778,-0.78292494923078
222,2012-06-02 01:23:04,"AM",-1.80388888888889,0.890543850792635
223,2012-06-02 14:26:32,"PM",11.2538888888889,-0.980983395214779
224,2012-06-03 02:10:18,"AM",-0.998611111111111,0.966019871693797
225,2012-06-03 12:30:26,"PM",9.33694444444444,-0.766651783543172
228,2012-06-04 00:40:32,"AM",21.505,0.794149527216156
234,2012-06-05 12:22:12,"PM",9.23138888888889,-0.748618314134758
235,2012-06-05 15:22:24,"PM",12.2347222222222,-0.998112534564064
236,2012-06-06 02:13:39,"AM",-0.896666666666667,0.972573269631963
237,2012-06-06 11:48:28,"AM",8.68305555555555,-0.646068474103018
238,2012-06-07 09:20:34,"AM",6.23194444444444,-0.0606856034527667
239,2012-06-08 12:35:43,"PM",9.49666666666667,-0.792821793707355
241,2012-06-09 00:34:13,"AM",21.4716666666667,0.78881597724576
243,2012-06-09 12:04:05,"PM",8.98055555555556,-0.703498076963176
244,2012-06-10 00:07:36,"AM",21.0394444444444,0.714370910168294
245,2012-06-10 09:08:16,"AM",6.06027777777778,-0.0157800303508499
246,2012-06-11 01:12:52,"AM",-1.85444444444444,0.884445271417814
247,2012-06-11 10:00:02,"AM",6.93222222222222,-0.24163963778273
248,2012-06-12 12:07:52,"PM",9.07,-0.719945730144487
250,2012-06-14 12:06:38,"PM",9.06111111111111,-0.718328700204653
252,2012-06-15 10:12:53,"AM",7.16944444444444,-0.301399282467504
255,2012-06-16 13:37:34,"PM",10.5836111111111,-0.932034224056242
258,2012-06-17 13:34:59,"PM",10.5422222222222,-0.928053092363047
259,2012-06-18 15:11:15,"PM",12.1472222222222,-0.999257322560933
260,2012-06-19 00:34:28,"AM",21.5341666666667,0.798766786710659
261,2012-06-19 15:38:10,"PM",12.595,-0.987892266584026
262,2012-06-20 13:14:11,"PM",10.1933333333333,-0.890212804611126
264,2012-06-24 16:32:45,"PM",13.4830555555556,-0.925568037674687
265,2012-06-24 21:04:58,"PM",18.02,0.00523596383141907
267,2012-06-27 00:38:52,"AM",21.5680555555556,0.804073091141161
268,2012-06-28 00:59:27,"AM",21.9008333333333,0.852754135565497
269,2012-06-28 14:41:46,"PM",11.595,-0.994384215925814
271,2012-06-30 00:55:58,"AM",21.8191666666667,0.841392899765465
272,2012-07-01 01:34:49,"AM",-1.56138888888889,0.91761015796978
273,2012-07-01 14:46:14,"PM",11.6291666666667,-0.995291054673912
274,2012-07-02 01:37:16,"AM",-1.53611111111111,0.920220462378054
275,2012-07-02 14:43:52,"PM",11.5733333333333,-0.993767919160596
276,2012-07-03 11:27:37,"AM",8.28666666666667,-0.563526048937571
277,2012-07-03 18:06:31,"PM",14.935,-0.719036629978671
279,2012-07-08 11:09:59,"AM",7.89555555555556,-0.476135887345853
284,2012-07-21 17:58:51,"PM",14.3694444444444,-0.813693004014798
370,2011-05-23 14:24:34,"PM",10.9725,-0.964037445933313
374,2011-05-26 09:34:30,"AM",6.21777777777778,-0.0569832055253199
376,2011-05-27 12:33:00,"PM",9.21777777777778,-0.746251040619798
382,2011-06-07 06:09:24,"AM",3.03638888888889,0.700338480701866
383,2011-06-07 15:30:55,"PM",12.395,-0.994657870724574
385,2011-06-08 01:56:15,"AM",-1.16944444444444,0.953498019152674
387,2011-06-08 12:49:06,"PM",9.71111111111111,-0.825770308546254
388,2011-06-09 02:01:18,"AM",-1.07333333333333,0.960779154157594
389,2011-06-09 15:58:11,"PM",12.8747222222222,-0.973893490153993
391,2011-06-14 08:08:18,"AM",5.08555555555556,0.237120748224638
392,2011-06-14 17:09:05,"PM",14.0986111111111,-0.852830093824497
393,2011-06-15 06:46:39,"AM",3.73,0.559916162217252
396,2011-06-17 06:42:38,"AM",3.66944444444444,0.57298058055873
399,2011-06-20 13:10:37,"PM",10.1361111111111,-0.883288768710361
401,2011-06-24 11:04:31,"AM",8.01833333333333,-0.504150848421875
402,2011-06-25 01:37:47,"AM",-1.43416666666667,0.930337587676375
403,2011-06-25 10:52:51,"AM",7.81694444444444,-0.457938565057107
404,2011-06-26 06:13:16,"AM",3.14888888888889,0.679014322570597
406,2011-06-27 11:04:47,"AM",7.99833333333333,-0.49962207754797
407,2011-06-28 09:46:18,"AM",6.67944444444444,-0.176941592998374
413,2011-07-05 19:57:55,"PM",16.7702777777778,-0.316407982191965
414,2011-07-06 11:00:00,"AM",7.78638888888889,-0.450812628824803
415,2011-07-06 18:11:25,"PM",14.9766666666667,-0.71141303081798
416,2011-07-07 12:16:40,"PM",9.04444444444444,-0.715286291066051
417,2011-07-07 15:33:02,"PM",12.3172222222222,-0.996553447991564
428,2011-07-10 17:50:32,"PM",14.5447222222222,-0.786171594832877
430,2011-07-11 12:31:45,"PM",9.20861111111111,-0.744651412854948
436,2011-07-16 10:56:15,"AM",7.49083333333333,-0.380465180810275
439,2011-07-23 03:26:50,"AM",-0.201111111111111,0.998614268592235
440,2011-07-23 05:11:09,"AM",1.53694444444444,0.920135050150523
447,2012-05-25 16:22:01,"PM",13.0033333333333,-0.965699596295272
450,2012-06-13 12:35:26,"PM",9.53638888888889,-0.799116671927878
456,2012-07-21 03:32:08,"AM",-0.0752777777777778,0.99980581003592
457,2012-07-21 17:25:11,"PM",13.8086111111111,-0.889980792154342
459,2012-07-24 17:51:51,"PM",14.1613888888889,-0.844133037570306
462,2011-05-25 02:20:09,"AM",-1.0475,0.962632687657336
476,2011-06-17 07:01:59,"AM",3.99138888888889,0.501951081267777
477,2011-06-17 17:32:51,"PM",14.5058333333333,-0.792422737524354
479,2011-06-19 14:41:42,"PM",11.6547222222222,-0.995917287717226
482,2011-06-20 15:47:55,"PM",12.7572222222222,-0.980414655875193
486,2011-06-23 19:06:08,"PM",16.0505555555556,-0.488494336928976
487,2011-06-24 01:29:16,"AM",-1.56944444444444,0.91676985341131
488,2011-06-24 12:01:39,"PM",8.97,-0.701531425770856
489,2011-06-25 01:16:32,"AM",-1.78861111111111,0.892356181631084
491,2011-06-26 10:39:11,"AM",7.58055555555556,-0.402080950129851
492,2011-06-26 13:16:05,"PM",10.1947222222222,-0.890378386561422
493,2011-06-27 10:18:40,"AM",7.22944444444444,-0.31633899552902
288,2011-05-25 11:54:24,"AM",8.52361111111111,-0.613653781669438
289,2011-05-25 15:11:31,"PM",11.8088888888889,-0.998748621946776
290,2011-05-26 04:22:07,"AM",1.01138888888889,0.965149837977011
291,2011-05-27 02:54:25,"AM",-0.425833333333333,0.993792214258989
292,2011-05-28 02:22:05,"AM",-0.94,0.969872015284747
293,2011-05-28 07:01:52,"AM",3.72277777777778,0.56148175930966
298,2011-06-03 14:04:16,"PM",10.8875,-0.957885164390477
299,2011-06-03 17:45:35,"PM",14.5758333333333,-0.781111976817503
300,2011-06-04 06:21:34,"AM",3.19361111111111,0.670372659180258
305,2011-06-04 13:02:25,"PM",9.87444444444444,-0.849125368189279
306,2011-06-04 18:37:12,"PM",15.4541666666667,-0.618236933263943
307,2011-06-05 08:08:31,"AM",4.99222222222222,0.260785342221382
308,2011-06-05 11:22:01,"AM",8.21722222222222,-0.548414856611094
311,2011-06-07 16:17:50,"PM",13.1769444444444,-0.952904385409041
312,2011-06-08 07:58:07,"AM",4.86166666666667,0.293623253878079
313,2011-06-08 16:10:53,"PM",13.0741666666667,-0.960718630621173
314,2011-06-08 20:15:09,"PM",17.1455555555556,-0.221832147691053
316,2011-06-09 14:04:33,"PM",10.9805555555556,-0.964595787034955
318,2011-06-10 11:16:10,"AM",8.18527777777778,-0.541402535837254
322,2011-06-18 11:36:20,"AM",8.56555555555556,-0.622286958818662
324,2011-06-19 06:10:06,"AM",3.12861111111111,0.682901992872127
325,2011-06-19 15:41:17,"PM",12.6483333333333,-0.985629857898472
326,2011-06-20 01:41:14,"AM",-1.35361111111111,0.937863702259356
327,2011-06-21 12:09:14,"PM",9.11083333333333,-0.727323734749548
328,2011-06-21 16:41:27,"PM",13.6477777777778,-0.908386586486737
329,2011-06-22 06:35:32,"AM",3.54583333333333,0.599198276744083
330,2011-06-22 11:20:10,"AM",8.28944444444445,-0.564126655507008
331,2011-06-22 16:22:02,"PM",13.3205555555556,-0.940831491569296
334,2011-06-24 16:19:30,"PM",13.2680555555556,-0.945400133175715
335,2011-06-25 07:09:55,"AM",4.10138888888889,0.476839181803934
337,2011-06-25 16:12:56,"PM",13.1516666666667,-0.954890462878825
338,2011-06-26 06:36:09,"AM",3.53027777777778,0.602453693076222
339,2011-06-26 09:38:33,"AM",6.57055555555556,-0.148816260035005
340,2011-06-26 15:14:01,"PM",12.1613888888889,-0.999107537633595
341,2011-06-27 08:16:25,"AM",5.19194444444444,0.209974081056654
342,2011-06-27 17:50:28,"PM",14.7597222222222,-0.750159159602905
344,2011-07-10 12:48:06,"PM",9.50388888888889,-0.793972714336388
345,2011-07-10 17:27:01,"PM",14.1527777777778,-0.845339542680108
346,2011-07-11 08:34:28,"AM",5.25361111111111,0.194163013634451
347,2011-07-12 03:20:31,"AM",-0.00277777777777778,0.999999735575168
349,2011-07-12 14:40:04,"PM",11.3236111111111,-0.98436258168339
353,2011-07-15 16:20:36,"PM",12.9233333333333,-0.970925750445011
354,2011-07-16 01:29:39,"AM",-1.9525,0.87217601836612
355,2011-07-16 12:31:16,"PM",9.07416666666667,-0.720702371343069
356,2011-07-18 02:19:49,"AM",-1.17138888888889,0.953344466995909
362,2011-07-20 02:13:07,"AM",-1.34055555555556,0.939044258885617
363,2011-07-20 08:17:31,"AM",4.73277777777778,0.325705671115498
1297,2011-05-25 22:34:14,"PM",19.1869444444444,0.305764544958079
1298,2011-05-27 10:32:57,"AM",7.21666666666667,-0.313163806483749
1303,2011-06-08 01:27:32,"AM",-1.64833333333333,0.908325762142103
1304,2011-06-08 18:50:05,"PM",15.7275,-0.560458326481902
1305,2011-06-09 11:39:53,"AM",8.56888888888889,-0.622969834232272
1307,2011-06-11 18:06:35,"PM",15.0347222222222,-0.700649872789255
1309,2011-06-16 12:10:44,"PM",9.13472222222222,-0.731601634868274
1310,2011-06-17 08:57:24,"AM",5.91527777777778,0.0221784073158878
1311,2011-06-17 13:10:24,"PM",10.1319444444444,-0.882776829816971
1312,2011-06-18 13:14:43,"PM",10.205,-0.891600032835453
3095,2013-06-01 07:36:17,"AM",4.39333333333333,0.408330460381385
3096,2013-06-02 11:42:42,"AM",8.51916666666667,-0.612734653986149
3097,2013-06-03 12:17:06,"PM",9.11027777777778,-0.727223909563463
3098,2013-06-04 16:28:19,"PM",13.3138888888889,-0.941421506336346
3099,2013-06-05 15:58:06,"PM",12.8261111111111,-0.97670349999113
3102,2013-06-06 18:52:54,"PM",15.7541666666667,-0.554662910011912
3103,2013-06-07 12:53:40,"PM",9.78055555555556,-0.835887204659681
3104,2013-06-08 18:33:26,"PM",15.4558333333333,-0.617893920807193
3105,2013-06-09 17:24:17,"PM",14.315,-0.821895567725108
3106,2013-06-10 12:41:13,"PM",9.60694444444444,-0.810084280504922
3108,2013-06-11 13:45:47,"PM",10.6927777777778,-0.942008653370223
3109,2013-06-12 05:56:56,"AM",2.88638888888889,0.727822629850793
3110,2013-06-12 13:00:24,"PM",9.94444444444444,-0.858661857120613
3111,2013-06-12 18:00:41,"PM",14.9486111111111,-0.716555619838166
3113,2013-06-13 14:17:28,"PM",11.2352777777778,-0.980026066766684
3114,2013-06-13 19:31:04,"PM",16.4619444444444,-0.391868826640998
3115,2013-06-14 08:29:12,"AM",5.43666666666667,0.146946275799002
3116,2013-06-14 13:39:54,"PM",10.6144444444444,-0.934928933272156
3117,2013-06-15 03:05:45,"AM",0.05,0.999914327574007
3118,2013-06-15 08:42:01,"AM",5.65416666666667,0.0904153097710447
3119,2013-06-15 14:20:14,"PM",11.2913888888889,-0.982841580558456
3120,2013-06-16 02:10:02,"AM",-0.875833333333333,0.973827415745634
3121,2013-06-16 08:23:20,"AM",5.34611111111111,0.17035281913442
3123,2013-06-16 20:04:17,"PM",17.0286111111111,-0.25157670902678
3125,2013-06-17 08:00:18,"AM",4.96416666666667,0.2678690134518
3126,2013-06-17 19:20:43,"PM",16.3044444444444,-0.429460599954325
3127,2013-06-18 07:34:17,"AM",4.53138888888889,0.375078531846914
3128,2013-06-18 19:29:15,"PM",16.4475,-0.395345119234301
3129,2013-06-19 05:10:16,"AM",2.13055555555556,0.848433240041259
3130,2013-06-19 12:32:41,"PM",9.50416666666667,-0.794016923855298
3131,2013-06-19 19:08:42,"PM",16.1041666666667,-0.476199835802658
3132,2013-06-20 06:42:15,"AM",3.66194444444444,0.574588694873874
3133,2013-06-20 15:33:01,"PM",12.5080555555556,-0.99116738494654
3134,2013-06-21 02:39:01,"AM",-0.395,0.994657870724574
3135,2013-06-22 03:05:58,"AM",0.05,0.999914327574007
3137,2013-06-24 04:52:39,"AM",1.81638888888889,0.889050436665666
3139,2013-06-26 15:23:23,"PM",12.3125,-0.99665523930918
3140,2013-06-27 09:02:53,"AM",5.96111111111111,0.0101809114182272
3142,2013-06-28 10:55:40,"AM",7.82944444444444,-0.460845300606214
3143,2013-06-29 02:39:58,"AM",-0.444166666666667,0.993246797630524
3145,2013-06-29 14:29:42,"PM",11.3844444444444,-0.98704308291872
3146,2013-06-30 03:14:37,"AM",0.120277777777778,0.99950427346793
3147,2013-06-30 18:51:27,"PM",15.7338888888889,-0.559072318929394
3148,2013-07-01 07:26:16,"AM",4.3,0.430511096808295
3149,2013-07-02 01:06:22,"AM",21.9683333333333,0.86185053380133
3150,2013-07-02 09:36:46,"AM",6.45972222222222,-0.120064643165831
3151,2013-07-02 12:10:23,"PM",9.02,-0.710799473872992
3152,2013-07-03 06:01:19,"AM",2.85277777777778,0.733828677473817
3153,2013-07-03 19:26:09,"PM",16.2663888888889,-0.438436507777379
3154,2013-07-04 10:54:22,"AM",7.71944444444444,-0.435100148712032
3155,2013-07-05 02:23:43,"AM",-0.809722222222222,0.977615241118057
3156,2013-07-06 10:11:28,"AM",6.96694444444444,-0.250450409075521
3157,2013-07-06 14:27:26,"PM",11.2330555555556,-0.979910203584351
3158,2013-07-08 04:14:24,"AM",0.974722222222222,0.967617451507306
3161,2013-07-14 04:04:03,"AM",0.659722222222222,0.985121826586889
3162,2013-07-14 10:32:34,"AM",7.135,-0.292788943543874
3166,2013-07-15 09:01:56,"AM",5.59833333333333,0.104962395342446
3167,2013-07-15 13:02:11,"PM",9.6025,-0.809401525616911
3175,2013-07-16 08:41:39,"AM",5.23305555555556,0.199439196025445
3177,2013-07-16 11:09:39,"AM",7.70055555555556,-0.430642367962585
3178,2013-07-16 17:06:42,"PM",13.6502777777778,-0.908112725628479
3180,2013-07-17 06:40:51,"AM",3.1925,0.670588477019985
3181,2013-07-17 15:38:20,"PM",12.1505555555556,-0.999223315563164
3182,2013-07-18 08:40:05,"AM",5.15166666666667,0.220271840655494
3184,2013-07-20 13:33:59,"PM",9.99194444444444,-0.864969008931892
3185,2013-07-21 09:11:48,"AM",5.59277777777778,0.106408690803458
3191,2013-07-26 11:02:16,"AM",7.27944444444444,-0.328729289285325
3194,2013-07-27 14:41:11,"PM",10.8961111111111,-0.958530079486113
3287,2013-06-11 16:51:00,"PM",13.7791666666667,-0.893469393265367
3288,2013-06-12 03:10:57,"AM",0.119444444444444,0.999511118303661
3289,2013-06-12 10:33:23,"AM",7.49333333333333,-0.381070376350274
3290,2013-06-12 16:26:10,"PM",13.3730555555556,-0.936085119910486
3291,2013-06-13 02:50:11,"AM",-0.22,0.998341816614028
3292,2013-06-13 11:18:58,"AM",8.25972222222222,-0.557684747308231
3293,2013-06-13 17:43:27,"PM",14.6677777777778,-0.765857431375492
3294,2013-06-14 03:59:31,"AM",0.941111111111111,0.969801109518043
3295,2013-06-14 09:04:51,"AM",6.02972222222222,-0.00778118105876067
3296,2013-06-15 03:18:30,"AM",0.261944444444444,0.997649526088363
3297,2013-06-15 11:10:43,"AM",8.13222222222222,-0.529672554625319
3298,2013-06-15 17:08:34,"PM",14.0963888888889,-0.853133746436863
3299,2013-06-16 03:33:50,"AM",0.521111111111111,0.990708320495712
3301,2013-06-18 05:04:36,"AM",2.03611111111111,0.861259840324835
3302,2013-06-18 13:30:12,"PM",10.4627777777778,-0.920106569675549
3303,2013-06-18 17:14:27,"PM",14.2002777777778,-0.838630958459489
3304,2013-06-19 04:56:51,"AM",1.90638888888889,0.87801778456061
3305,2013-06-19 17:58:47,"PM",14.9386111111111,-0.71837929131849
3307,2013-06-21 03:37:55,"AM",0.586388888888889,0.988239504277389
3308,2013-06-21 09:19:43,"AM",6.28305555555556,-0.0740359679195182
3311,2013-06-23 18:36:03,"PM",15.5458333333333,-0.599198276744084
3312,2013-06-24 18:10:27,"PM",15.1127777777778,-0.685924195930002
3314,2013-06-27 14:31:15,"PM",11.4330555555556,-0.989005111743016
3315,2013-06-28 01:45:39,"AM",-1.33805555555556,0.939269071878089
3318,2013-06-30 10:17:55,"AM",7.17472222222222,-0.302716460661618
3319,2013-07-01 04:45:57,"AM",1.62777777777778,0.910563455071107
3325,2013-07-07 13:43:33,"PM",10.4811111111111,-0.921975836299521
3326,2013-07-08 07:46:30,"AM",4.50944444444444,0.3803979267962
3331,2013-07-09 15:50:45,"PM",12.5583333333333,-0.989335979534964
2714,2013-06-09 09:21:29,"AM",6.26833333333333,-0.0701917365194037
2715,2013-06-10 00:52:57,"AM",21.7927777777778,0.837639280449579
2716,2013-06-10 11:24:58,"AM",8.33638888888889,-0.574231527357727
2717,2013-06-10 18:18:34,"PM",15.23,-0.663273382989757
2718,2013-06-11 09:35:36,"AM",6.52277777777778,-0.136436028645617
2719,2013-06-12 02:12:12,"AM",-0.859166666666667,0.974809876612987
2720,2013-06-12 09:40:59,"AM",6.62027777777778,-0.161675586848866
2721,2013-06-12 17:51:50,"PM",14.8013888888889,-0.742901473601959
2723,2013-06-13 09:28:25,"AM",6.41777777777778,-0.109156029509488
2724,2013-06-13 17:19:34,"PM",14.2702777777778,-0.828508548633712
2725,2013-06-14 12:11:47,"PM",9.14611111111111,-0.733631036010624
2726,2013-06-14 16:27:43,"PM",13.4116666666667,-0.932481500944961
2727,2013-06-15 05:17:00,"AM",2.23722222222222,0.833323458120694
2728,2013-06-15 12:51:01,"PM",9.80444444444444,-0.8393037163763
2729,2013-06-16 07:40:20,"AM",4.62944444444444,0.351160833725144
2730,2013-06-17 01:06:59,"AM",22.0736111111111,0.875499669971728
2731,2013-06-17 09:27:00,"AM",6.40916666666667,-0.106914841192293
2732,2013-06-17 14:52:04,"PM",11.8266666666667,-0.998970569790715
2733,2013-06-18 02:13:38,"AM",-0.812777777777778,0.977446619893609
2734,2013-06-18 08:20:34,"AM",5.3025,0.181591947674011
2735,2013-06-18 15:57:06,"PM",12.9116666666667,-0.971652367645827
2736,2013-06-19 08:06:42,"AM",5.07111111111111,0.240792741748057
2737,2013-06-20 09:55:01,"AM",6.87472222222222,-0.227005440101499
2738,2013-06-20 12:12:01,"PM",9.15777777777778,-0.735703172094223
2739,2013-06-21 01:56:49,"AM",-1.09777777777778,0.9589848060257
2740,2013-06-21 07:04:33,"AM",4.03083333333333,0.492993101064404
2741,2013-06-21 14:08:16,"PM",11.0927777777778,-0.97192679026421
2742,2013-06-21 17:40:00,"PM",14.6216666666667,-0.773563771529987
2743,2013-06-22 07:39:13,"AM",4.60444444444444,0.357281437049644
2744,2013-06-22 16:05:54,"PM",13.0488888888889,-0.962534154559223
2746,2013-06-23 09:51:02,"AM",6.79611111111111,-0.206915722623
2747,2013-06-24 07:50:54,"AM",4.7875,0.312127659329594
2748,2013-06-24 15:30:06,"PM",12.4405555555556,-0.99335603816265
2749,2013-06-25 08:13:28,"AM",5.15583333333333,0.219207671444902
2750,2013-06-25 14:44:13,"PM",11.6686111111111,-0.996238936026
2751,2013-06-26 09:44:45,"AM",6.66861111111111,-0.174149475831521
2752,2013-06-27 02:40:12,"AM",-0.417222222222222,0.994040493663143
2755,2013-06-27 11:10:27,"AM",8.0875,-0.519705513513249
2756,2013-06-27 15:07:28,"PM",12.0372222222222,-0.999952520250815
2757,2013-06-28 02:33:15,"AM",-0.543888888888889,0.989879691864807
2758,2013-06-28 16:51:00,"PM",13.7516666666667,-0.896679671315641
2760,2013-06-29 15:17:32,"PM",12.1816666666667,-0.998869225808761
2761,2013-06-30 02:08:28,"AM",-0.9825,0.967101461427992
2762,2013-06-30 13:19:37,"PM",10.2033333333333,-0.89140236631763
2764,2013-07-02 12:55:23,"PM",9.77,-0.834367160368731
2765,2013-07-02 17:16:25,"PM",14.1202777777778,-0.849854369432721
2766,2013-07-03 09:48:42,"AM",6.6425,-0.167414043848006
2768,2013-07-04 03:37:01,"AM",0.430277777777778,0.993662093839784
2769,2013-07-05 15:04:08,"PM",11.8636111111111,-0.999362589669719
2770,2013-07-06 10:28:37,"AM",7.25277777777778,-0.322128007268639
2773,2013-07-08 10:05:57,"AM",6.83388888888889,-0.216581608146641
2774,2013-07-09 12:23:35,"PM",9.10583333333333,-0.726424754439559
2780,2013-07-13 14:53:06,"PM",11.5027777777778,-0.9915395205284
2787,2013-07-15 12:56:01,"PM",9.49916666666667,-0.793220510270687
2792,2013-07-16 13:12:16,"PM",9.74361111111111,-0.830539198898473
2793,2013-07-16 16:42:40,"PM",13.2502777777778,-0.946906751253644
2797,2013-07-19 11:29:52,"AM",7.9525,-0.489192184102549
2798,2013-07-19 16:09:30,"PM",12.6130555555556,-0.987147889350816
2800,2013-07-21 13:15:59,"PM",9.66222222222222,-0.818484103444606
2803,2013-07-22 18:41:01,"PM",15.0494444444444,-0.697894634355381
2809,2013-07-23 13:54:37,"PM",10.2452777777778,-0.896325265892407
2811,2013-07-23 17:25:18,"PM",13.7572222222222,-0.896034871189438
2813,2013-07-24 12:21:03,"PM",8.65527777777778,-0.640500714611591
2824,2013-07-26 10:13:15,"AM",6.4625,-0.120786571217731
2829,2013-07-27 13:32:27,"PM",9.75055555555556,-0.831550407922747
2834,2013-07-28 15:55:42,"PM",12.1058333333333,-0.999616182807952
2836,2013-07-28 19:38:53,"PM",15.8258333333333,-0.5389545667851
2841,2013-07-30 14:17:29,"PM",10.4033333333333,-0.913900054425756
2845,2013-07-31 18:17:49,"PM",14.3755555555556,-0.812761958047525
3249,2013-06-10 01:26:26,"AM",-1.63916666666667,0.909326905788605
3250,2013-06-11 08:37:30,"AM",5.55388888888889,0.116526285050245
3251,2013-06-12 15:31:01,"PM",12.4544444444444,-0.992931023778424
3252,2013-06-13 01:18:03,"AM",-1.75527777777778,0.896260766913307
3253,2013-06-13 13:54:58,"PM",10.86,-0.95579301479833
3254,2013-06-14 01:39:19,"AM",-1.39527777777778,0.934022754249934
3256,2013-06-14 15:13:58,"PM",12.1825,-0.998858829917934
3257,2013-06-15 01:14:00,"AM",-1.81333333333333,0.889416373291298
3258,2013-06-15 13:38:46,"PM",10.6,-0.933580426497202
3259,2013-06-16 01:39:19,"AM",-1.38777777777778,0.934722340418711
3260,2013-06-16 15:27:28,"PM",12.4144444444444,-0.994119506173126
3261,2013-06-17 00:43:18,"AM",21.6786111111111,0.820941637546008
3262,2013-06-17 12:23:33,"PM",9.35138888888889,-0.769074287825413
3263,2013-06-18 01:07:21,"AM",22.0811111111111,0.876446779430404
3264,2013-06-18 11:16:08,"AM",8.22833333333333,-0.550844958770735
3265,2013-06-19 09:00:03,"AM",5.95972222222222,0.0105445021532619
3266,2013-06-20 15:12:16,"PM",12.1616666666667,-0.999104463289146
3267,2013-06-21 16:13:08,"PM",13.1733333333333,-0.953190667792947
3268,2013-06-22 08:18:28,"AM",5.25777777777778,0.193092826843257
3269,2013-06-22 18:33:10,"PM",15.5030555555556,-0.608126597187736
3272,2013-06-23 14:14:44,"PM",11.1905555555556,-0.977630539301209
3274,2013-06-24 15:29:55,"PM",12.4372222222222,-0.993456087575143
2232,2012-06-09 10:51:20,"AM",7.76833333333333,-0.446588259402515
2233,2012-06-09 17:29:43,"PM",14.4083333333333,-0.80773272158184
2235,2012-06-09 19:51:01,"PM",16.7638888888889,-0.317994212864322
2237,2012-06-11 12:46:01,"PM",9.69861111111111,-0.82392018302715
2239,2012-06-13 08:19:43,"AM",5.27444444444444,0.188809794782754
2240,2012-06-13 17:25:28,"PM",14.3702777777778,-0.813566165789521
2241,2012-06-14 07:28:52,"AM",4.43222222222222,0.399015814013495
2242,2012-06-14 20:53:54,"PM",17.8494444444444,-0.0394051473155051
2245,2012-06-18 23:05:09,"PM",20.0458333333333,0.510355315097822
2246,2012-06-19 13:19:00,"PM",10.2758333333333,-0.899843472365743
2247,2012-06-20 08:02:32,"AM",4.99916666666667,0.259029771266397
2248,2012-06-21 01:56:21,"AM",-1.10666666666667,0.958322574465133
2249,2012-06-21 08:06:00,"AM",5.05416666666667,0.245095879876675
2250,2012-06-21 13:39:34,"PM",10.6136111111111,-0.934851498031125
2251,2012-06-22 08:35:44,"AM",5.54555555555556,0.118692805250916
2253,2012-06-23 05:30:12,"AM",2.44722222222222,0.801688714709456
2254,2012-06-23 17:50:46,"PM",14.7905555555556,-0.744797010913266
2255,2012-06-24 00:52:21,"AM",21.8166666666667,0.841039012964392
2257,2012-06-25 02:09:12,"AM",-0.916944444444444,0.971324782238946
2258,2012-06-25 12:03:32,"PM",8.98861111111111,-0.704995328730656
2260,2012-06-27 01:08:48,"AM",22.0675,0.874725455375634
2266,2012-06-29 01:38:13,"AM",-1.47611111111111,0.926254787893872
2270,2012-07-01 07:07:47,"AM",3.98861111111111,0.502579918613226
2271,2012-07-01 17:23:13,"PM",14.2455555555556,-0.832115484631501
2272,2012-07-02 06:25:07,"AM",3.26194444444444,0.656991555901476
2273,2012-07-02 17:24:18,"PM",14.2483333333333,-0.831711946389621
2276,2012-07-06 14:18:00,"PM",11.0711111111111,-0.97057655829999
2277,2012-07-07 14:25:30,"PM",11.1758333333333,-0.976812613079424
2279,2012-07-08 13:35:55,"PM",10.3283333333333,-0.905753804716807
2280,2012-07-09 01:08:19,"AM",21.8683333333333,0.848279236319161
2284,2012-07-13 14:43:09,"PM",11.3308333333333,-0.98469388962363
2290,2012-07-16 17:06:28,"PM",13.6402777777778,-0.909205833849358
2294,2012-07-18 14:14:41,"PM",10.7211111111111,-0.94447199371124
2295,2012-07-19 02:24:01,"AM",-1.15194444444444,0.954868864940325
2297,2012-07-21 16:04:30,"PM",12.4636111111111,-0.992643322538005
2300,2012-07-29 12:09:03,"PM",8.28805555555556,-0.563826389494715
2495,2012-06-10 03:53:57,"AM",0.822222222222222,0.976921473040071
2496,2012-06-11 04:39:42,"AM",1.59333333333333,0.914253955234264
2498,2012-06-11 12:25:52,"PM",9.3625,-0.770930270740018
2499,2012-06-12 04:31:26,"AM",1.46333333333333,0.927510407402615
2500,2012-06-12 18:23:10,"PM",15.3255555555556,-0.644346109122765
2501,2012-06-13 05:16:31,"AM",2.22111111111111,0.835647621745162
2502,2012-06-13 16:18:38,"PM",13.2561111111111,-0.946414651591782
2503,2012-06-14 09:56:58,"AM",6.90055555555556,-0.233586786858409
2504,2012-06-15 12:41:00,"PM",9.63777777777778,-0.814790645676871
2505,2012-06-16 01:30:24,"AM",-1.53555555555556,0.92027737953041
2506,2012-06-16 14:14:16,"PM",11.1955555555556,-0.977905022416149
2508,2012-06-17 15:50:15,"PM",12.7972222222222,-0.978298539722221
2509,2012-06-18 03:13:00,"AM",0.176944444444444,0.998927237814521
2510,2012-06-18 13:59:07,"PM",10.9452777777778,-0.962118926031236
2511,2012-06-19 02:57:28,"AM",-0.0827777777777778,0.999765189351836
2512,2012-06-19 08:24:28,"AM",5.36722222222222,0.164904154689544
2513,2012-06-20 01:17:14,"AM",-1.75583333333333,0.896196248974718
2532,2012-06-20 13:45:13,"PM",10.7108333333333,-0.943584428287324
2533,2012-06-21 04:45:34,"AM",1.71361111111111,0.901045482360876
2534,2012-06-21 16:11:22,"PM",13.1436111111111,-0.955514605910595
2535,2012-06-22 02:33:29,"AM",-0.491944444444444,0.991717928226902
2536,2012-06-22 15:20:52,"PM",12.2977777777778,-0.996962810671963
2537,2012-06-23 03:06:52,"AM",0.0588888888888889,0.999881159252237
2540,2012-06-23 10:33:28,"AM",7.50222222222222,-0.383220858896997
2541,2012-06-24 01:21:12,"AM",-1.70916666666667,0.901549533805819
2545,2012-06-26 15:29:59,"PM",12.4205555555556,-0.993944984733526
2546,2012-06-27 01:53:27,"AM",-1.19861111111111,0.951168815171862
2547,2012-06-27 10:49:02,"AM",7.72777777777778,-0.437063440634724
2548,2012-06-27 18:01:20,"PM",14.9327777777778,-0.719440826694351
2549,2012-06-28 02:17:41,"AM",-0.806111111111111,0.977813714200625
2550,2012-06-28 11:21:56,"AM",8.26472222222222,-0.558770805840177
2551,2012-06-28 16:05:40,"PM",12.9936111111111,-0.96635737754161
2553,2012-06-29 14:04:52,"PM",10.9680555555556,-0.963727560120155
2554,2012-06-30 02:20:06,"AM",-0.791666666666667,0.978598865500938
2555,2012-06-30 06:20:55,"AM",3.22194444444444,0.664850189052205
2556,2012-06-30 15:19:01,"PM",12.19,-0.998763127563595
2557,2012-07-01 03:47:01,"AM",0.6425,0.985886676004123
2558,2012-07-01 10:27:16,"AM",7.31333333333333,-0.337095258423082
2559,2012-07-01 17:02:26,"PM",13.8994444444444,-0.878886503294988
2560,2012-07-02 03:05:38,"AM",-0.0627777777777778,0.999864945406967
2561,2012-07-02 10:11:25,"AM",7.03333333333333,-0.267238376078257
2562,2012-07-02 17:05:54,"PM",13.9413888888889,-0.873595328743064
2563,2012-07-03 11:54:57,"AM",8.74194444444444,-0.6577587653369
2564,2012-07-04 00:56:55,"AM",21.7752777777778,0.835127979705273
2565,2012-07-04 16:39:40,"PM",13.4697222222222,-0.926883894180013
2566,2012-07-06 10:32:59,"AM",7.32111111111111,-0.339011597031565
2567,2012-07-06 14:07:29,"PM",10.8961111111111,-0.958530079486113
2568,2012-07-07 03:53:51,"AM",0.648611111111111,0.985617571122611
2569,2012-07-07 15:58:07,"PM",12.7197222222222,-0.982300874885
2570,2012-07-08 16:01:19,"PM",12.7516666666667,-0.980700062830646
2571,2012-07-09 01:55:58,"AM",-1.35944444444444,0.937332677327305
2572,2012-07-09 14:30:23,"PM",11.2138888888889,-0.978897121153206
2574,2012-07-10 04:41:33,"AM",1.3775,0.935675179200357
2578,2012-07-11 02:34:05,"AM",-0.770833333333333,0.979706644972129
2580,2012-07-13 01:13:16,"AM",-2.16722222222222,0.843313289832321
2581,2012-07-13 12:26:24,"PM",9.05194444444444,-0.716657063878933
2582,2012-07-14 18:33:16,"PM",15.1405555555556,-0.680614317713514
2584,2012-07-17 00:43:55,"AM",21.2644444444444,0.754327772851926
2585,2012-07-18 01:10:02,"AM",21.6719444444444,0.819943783550946
2586,2012-07-18 11:56:36,"AM",8.42027777777778,-0.592071785992322
2587,2012-07-20 01:03:24,"AM",21.5044444444444,0.794061129175051
2588,2012-07-20 06:34:31,"AM",2.99416666666667,0.708185823580955
